facility_name,sub_region,apr_severity_of_illness,discharge_count,avg_length_of_stay_days,median_length_of_stay_days,censored_stay_count
ALBANY MEDICAL CENTER HOSPITAL,Capital District,Extreme,4227,16.07,11.0,15
ALBANY MEDICAL CENTER HOSPITAL,Capital District,Major,9971,8.06,6.0,2
ALBANY MEDICAL CENTER HOSPITAL,Capital District,Minor,9066,2.63,2.0,0
ALBANY MEDICAL CENTER HOSPITAL,Capital District,Moderate,13615,4.53,3.0,1
ALBANY MEDICAL CENTER HOSPITAL,Capital District,Undetermined,3,1.0,1.0,0
ELLIS HOSPITAL,Capital District,Extreme,1351,11.27,8.0,2
ELLIS HOSPITAL,Capital District,Major,3168,6.02,5.0,1
ELLIS HOSPITAL,Capital District,Minor,1572,3.32,2.0,0
ELLIS HOSPITAL,Capital District,Moderate,3461,4.63,3.0,2
ELLIS HOSPITAL - BELLEVUE WOMAN'S CARE CENTER DIVISION,Capital District,Extreme,1,1.0,1.0,0
ELLIS HOSPITAL - BELLEVUE WOMAN'S CARE CENTER DIVISION,Capital District,Major,144,4.5,3.0,0
ELLIS HOSPITAL - BELLEVUE WOMAN'S CARE CENTER DIVISION,Capital District,Minor,2456,2.23,2.0,0
ELLIS HOSPITAL - BELLEVUE WOMAN'S CARE CENTER DIVISION,Capital District,Moderate,947,2.92,2.0,0
SAMARITAN HOSPITAL,Capital District,Extreme,1327,8.48,6.0,0
SAMARITAN HOSPITAL,Capital District,Major,2959,5.01,4.0,1
SAMARITAN HOSPITAL,Capital District,Minor,2476,2.77,2.0,0
SAMARITAN HOSPITAL,Capital District,Moderate,3148,4.39,3.0,3
SAMARITAN HOSPITAL,Capital District,Undetermined,2,1.5,1.5,0
SARATOGA HOSPITAL,Capital District,Extreme,828,11.45,9.0,1
SARATOGA HOSPITAL,Capital District,Major,2888,5.68,4.0,0
SARATOGA HOSPITAL,Capital District,Minor,3001,2.42,2.0,0
SARATOGA HOSPITAL,Capital District,Moderate,3624,3.8,3.0,1
ST. PETER'S ADDICTION RECOVERY CENTER,Capital District,Major,15,19.27,26.0,0
ST. PETER'S ADDICTION RECOVERY CENTER,Capital District,Minor,239,20.19,27.0,0
ST. PETER'S ADDICTION RECOVERY CENTER,Capital District,Moderate,138,21.43,28.0,0
ST. PETER'S ADDICTION RECOVERY CENTER,Capital District,Undetermined,5,8.2,6.0,0
ST. PETER'S HOSPITAL,Capital District,Extreme,2682,10.11,8.0,0
ST. PETER'S HOSPITAL,Capital District,Major,7156,5.54,4.0,0
ST. PETER'S HOSPITAL,Capital District,Minor,7064,2.23,2.0,0
ST. PETER'S HOSPITAL,Capital District,Moderate,7865,3.27,3.0,0
ST. PETER'S HOSPITAL,Capital District,Undetermined,1,2.0,2.0,0
ST. PETER'S HOSPITAL - SPARC,Capital District,Extreme,2,9.0,9.0,0
ST. PETER'S HOSPITAL - SPARC,Capital District,Major,9,29.56,28.0,0
ST. PETER'S HOSPITAL - SPARC,Capital District,Minor,146,22.11,27.5,0
ST. PETER'S HOSPITAL - SPARC,Capital District,Moderate,107,22.4,27.0,0
ST. PETER'S HOSPITAL - SPARC,Capital District,Undetermined,2,6.5,6.5,0
SUNNYVIEW HOSPITAL AND REHABILITATION CENTER,Capital District,Extreme,166,16.79,15.0,0
SUNNYVIEW HOSPITAL AND REHABILITATION CENTER,Capital District,Major,762,14.6,13.0,0
SUNNYVIEW HOSPITAL AND REHABILITATION CENTER,Capital District,Minor,278,11.12,10.0,1
SUNNYVIEW HOSPITAL AND REHABILITATION CENTER,Capital District,Moderate,1039,12.68,12.0,0
A.O. FOX MEMORIAL HOSPITAL,Central NY / Catskill Foothills,Extreme,89,6.67,6.0,0
A.O. FOX MEMORIAL HOSPITAL,Central NY / Catskill Foothills,Major,559,5.81,4.0,1
A.O. FOX MEMORIAL HOSPITAL,Central NY / Catskill Foothills,Minor,166,2.86,2.0,0
A.O. FOX MEMORIAL HOSPITAL,Central NY / Catskill Foothills,Moderate,585,3.8,3.0,0
COBLESKILL REGIONAL HOSPITAL,Central NY / Catskill Foothills,Extreme,30,4.13,4.0,0
COBLESKILL REGIONAL HOSPITAL,Central NY / Catskill Foothills,Major,216,4.06,3.0,0
COBLESKILL REGIONAL HOSPITAL,Central NY / Catskill Foothills,Minor,35,1.91,2.0,0
COBLESKILL REGIONAL HOSPITAL,Central NY / Catskill Foothills,Moderate,174,3.01,3.0,0
COLUMBIA MEMORIAL HOSPITAL,Central NY / Catskill Foothills,Extreme,281,13.68,10.0,1
COLUMBIA MEMORIAL HOSPITAL,Central NY / Catskill Foothills,Major,974,8.12,6.0,3
COLUMBIA MEMORIAL HOSPITAL,Central NY / Catskill Foothills,Minor,591,6.8,4.0,2
COLUMBIA MEMORIAL HOSPITAL,Central NY / Catskill Foothills,Moderate,1205,6.1,4.0,0
DELAWARE VALLEY HOSPITAL INC,Central NY / Catskill Foothills,Extreme,6,6.67,4.5,0
DELAWARE VALLEY HOSPITAL INC,Central NY / Catskill Foothills,Major,72,4.6,4.0,0
DELAWARE VALLEY HOSPITAL INC,Central NY / Catskill Foothills,Minor,18,3.0,3.0,0
DELAWARE VALLEY HOSPITAL INC,Central NY / Catskill Foothills,Moderate,84,4.62,4.0,0
MARGARETVILLE HOSPITAL,Central NY / Catskill Foothills,Extreme,1,3.0,3.0,0
MARGARETVILLE HOSPITAL,Central NY / Catskill Foothills,Major,24,3.75,3.0,0
MARGARETVILLE HOSPITAL,Central NY / Catskill Foothills,Minor,26,3.04,2.5,0
MARGARETVILLE HOSPITAL,Central NY / Catskill Foothills,Moderate,49,3.65,3.0,0
MARY IMOGENE BASSETT HOSPITAL,Central NY / Catskill Foothills,Extreme,776,11.95,9.0,0
MARY IMOGENE BASSETT HOSPITAL,Central NY / Catskill Foothills,Major,2619,6.02,5.0,0
MARY IMOGENE BASSETT HOSPITAL,Central NY / Catskill Foothills,Minor,2745,2.69,2.0,0
MARY IMOGENE BASSETT HOSPITAL,Central NY / Catskill Foothills,Moderate,3770,4.02,3.0,1
O'CONNOR HOSPITAL,Central NY / Catskill Foothills,Extreme,5,2.2,2.0,0
O'CONNOR HOSPITAL,Central NY / Catskill Foothills,Major,69,4.12,4.0,0
O'CONNOR HOSPITAL,Central NY / Catskill Foothills,Minor,26,2.85,3.0,0
O'CONNOR HOSPITAL,Central NY / Catskill Foothills,Moderate,80,3.26,3.0,0
NATHAN LITTAUER HOSPITAL,Mohawk Valley,Extreme,196,6.56,5.0,0
NATHAN LITTAUER HOSPITAL,Mohawk Valley,Major,633,4.4,4.0,0
NATHAN LITTAUER HOSPITAL,Mohawk Valley,Minor,613,2.27,2.0,0
NATHAN LITTAUER HOSPITAL,Mohawk Valley,Moderate,840,3.28,3.0,0
ST. MARY'S HEALTHCARE,Mohawk Valley,Extreme,243,8.45,7.0,0
ST. MARY'S HEALTHCARE,Mohawk Valley,Major,977,5.67,5.0,0
ST. MARY'S HEALTHCARE,Mohawk Valley,Minor,1118,3.15,2.0,0
ST. MARY'S HEALTHCARE,Mohawk Valley,Moderate,1463,4.86,4.0,1
ST. MARY'S HEALTHCARE,Mohawk Valley,Undetermined,5,2.0,1.0,0
ST. MARY'S HEALTHCARE - AMSTERDAM MEMORIAL CAMPUS,Mohawk Valley,Extreme,2,15.0,15.0,0
ST. MARY'S HEALTHCARE - AMSTERDAM MEMORIAL CAMPUS,Mohawk Valley,Major,34,16.0,14.5,0
ST. MARY'S HEALTHCARE - AMSTERDAM MEMORIAL CAMPUS,Mohawk Valley,Minor,111,18.79,18.0,0
ST. MARY'S HEALTHCARE - AMSTERDAM MEMORIAL CAMPUS,Mohawk Valley,Moderate,110,17.87,17.0,0
ST. MARY'S HEALTHCARE - AMSTERDAM MEMORIAL CAMPUS,Mohawk Valley,Undetermined,2,12.5,12.5,0
ADIRONDACK MEDICAL CENTER-SARANAC LAKE SITE,North Country / Adirondack,Extreme,103,12.46,8.0,0
ADIRONDACK MEDICAL CENTER-SARANAC LAKE SITE,North Country / Adirondack,Major,374,7.85,5.0,0
ADIRONDACK MEDICAL CENTER-SARANAC LAKE SITE,North Country / Adirondack,Minor,1001,2.15,2.0,0
ADIRONDACK MEDICAL CENTER-SARANAC LAKE SITE,North Country / Adirondack,Moderate,688,6.49,3.0,0
GLENS FALLS HOSPITAL,North Country / Adirondack,Extreme,785,10.36,8.0,0
GLENS FALLS HOSPITAL,North Country / Adirondack,Major,3184,5.94,4.0,2
GLENS FALLS HOSPITAL,North Country / Adirondack,Minor,3128,2.71,2.0,0
GLENS FALLS HOSPITAL,North Country / Adirondack,Moderate,5171,4.06,3.0,1
GLENS FALLS HOSPITAL,North Country / Adirondack,Undetermined,3,1.33,1.0,0
THE UNIVERSITY OF VERMONT HEALTH NETWORK - ALICE HYDE MEDICAL CENTER,North Country / Adirondack,Extreme,34,4.59,3.0,0
THE UNIVERSITY OF VERMONT HEALTH NETWORK - ALICE HYDE MEDICAL CENTER,North Country / Adirondack,Major,303,5.89,3.0,0
THE UNIVERSITY OF VERMONT HEALTH NETWORK - ALICE HYDE MEDICAL CENTER,North Country / Adirondack,Minor,140,7.28,3.0,0
THE UNIVERSITY OF VERMONT HEALTH NETWORK - ALICE HYDE MEDICAL CENTER,North Country / Adirondack,Moderate,358,4.83,3.0,0
THE UNIVERSITY OF VERMONT HEALTH NETWORK - CHAMPLAIN VALLEY PHYSICIANS HOSPITAL,North Country / Adirondack,Extreme,819,14.14,9.0,6
THE UNIVERSITY OF VERMONT HEALTH NETWORK - CHAMPLAIN VALLEY PHYSICIANS HOSPITAL,North Country / Adirondack,Major,2263,8.17,5.0,6
THE UNIVERSITY OF VERMONT HEALTH NETWORK - CHAMPLAIN VALLEY PHYSICIANS HOSPITAL,North Country / Adirondack,Minor,2235,2.75,2.0,0
THE UNIVERSITY OF VERMONT HEALTH NETWORK - CHAMPLAIN VALLEY PHYSICIANS HOSPITAL,North Country / Adirondack,Moderate,2754,5.19,3.0,2
THE UNIVERSITY OF VERMONT HEALTH NETWORK - CHAMPLAIN VALLEY PHYSICIANS HOSPITAL,North Country / Adirondack,Undetermined,1,1.0,1.0,0
THE UNIVERSITY OF VERMONT HEALTH NETWORK - ELIZABETHTOWN COMMUNITY HOSPITAL,North Country / Adirondack,Extreme,4,5.0,5.0,0
THE UNIVERSITY OF VERMONT HEALTH NETWORK - ELIZABETHTOWN COMMUNITY HOSPITAL,North Country / Adirondack,Major,121,6.09,4.0,0
THE UNIVERSITY OF VERMONT HEALTH NETWORK - ELIZABETHTOWN COMMUNITY HOSPITAL,North Country / Adirondack,Minor,241,5.54,3.0,1
THE UNIVERSITY OF VERMONT HEALTH NETWORK - ELIZABETHTOWN COMMUNITY HOSPITAL,North Country / Adirondack,Moderate,370,5.35,3.0,0
