facility_name,sub_region,payer_category,discharge_count,total_costs,pct_of_facility_discharges
A.O. FOX MEMORIAL HOSPITAL,Central NY / Catskill Foothills,Government,1238,17509868.56,88.5
A.O. FOX MEMORIAL HOSPITAL,Central NY / Catskill Foothills,Commercial,142,1748000.29,10.2
A.O. FOX MEMORIAL HOSPITAL,Central NY / Catskill Foothills,Self-Pay,12,76883.66,0.9
A.O. FOX MEMORIAL HOSPITAL,Central NY / Catskill Foothills,Other,7,71385.05,0.5
ADIRONDACK MEDICAL CENTER-SARANAC LAKE SITE,North Country / Adirondack,Government,1405,29120647.65,64.9
ADIRONDACK MEDICAL CENTER-SARANAC LAKE SITE,North Country / Adirondack,Commercial,720,11747673.37,33.2
ADIRONDACK MEDICAL CENTER-SARANAC LAKE SITE,North Country / Adirondack,Other,24,376761.11,1.1
ADIRONDACK MEDICAL CENTER-SARANAC LAKE SITE,North Country / Adirondack,Self-Pay,17,190061.26,0.8
ALBANY MEDICAL CENTER HOSPITAL,Capital District,Commercial,21827,348508717.49,59.2
ALBANY MEDICAL CENTER HOSPITAL,Capital District,Government,13531,289273462.58,36.7
ALBANY MEDICAL CENTER HOSPITAL,Capital District,Other,814,21736312.52,2.2
ALBANY MEDICAL CENTER HOSPITAL,Capital District,Self-Pay,710,9907983.56,1.9
COBLESKILL REGIONAL HOSPITAL,Central NY / Catskill Foothills,Government,418,3218491.84,91.9
COBLESKILL REGIONAL HOSPITAL,Central NY / Catskill Foothills,Commercial,23,184634.17,5.1
COBLESKILL REGIONAL HOSPITAL,Central NY / Catskill Foothills,Other,8,96622.08,1.8
COBLESKILL REGIONAL HOSPITAL,Central NY / Catskill Foothills,Self-Pay,6,50046.23,1.3
COLUMBIA MEMORIAL HOSPITAL,Central NY / Catskill Foothills,Government,2499,27849685.24,81.9
COLUMBIA MEMORIAL HOSPITAL,Central NY / Catskill Foothills,Commercial,524,6187530.31,17.2
COLUMBIA MEMORIAL HOSPITAL,Central NY / Catskill Foothills,Self-Pay,20,151505.24,0.7
COLUMBIA MEMORIAL HOSPITAL,Central NY / Catskill Foothills,Other,8,44556.58,0.3
DELAWARE VALLEY HOSPITAL INC,Central NY / Catskill Foothills,Government,161,2252857.39,89.4
DELAWARE VALLEY HOSPITAL INC,Central NY / Catskill Foothills,Commercial,13,104648.71,7.2
DELAWARE VALLEY HOSPITAL INC,Central NY / Catskill Foothills,Other,5,63879.76,2.8
DELAWARE VALLEY HOSPITAL INC,Central NY / Catskill Foothills,Self-Pay,1,11653.36,0.6
ELLIS HOSPITAL,Capital District,Government,8011,159897891.10,83.9
ELLIS HOSPITAL,Capital District,Commercial,1407,23973498.32,14.7
ELLIS HOSPITAL,Capital District,Self-Pay,89,1007778.09,0.9
ELLIS HOSPITAL,Capital District,Other,45,501036.01,0.5
ELLIS HOSPITAL - BELLEVUE WOMAN'S CARE CENTER DIVISION,Capital District,Commercial,2074,18101199.87,58.5
ELLIS HOSPITAL - BELLEVUE WOMAN'S CARE CENTER DIVISION,Capital District,Government,1422,12300825.54,40.1
ELLIS HOSPITAL - BELLEVUE WOMAN'S CARE CENTER DIVISION,Capital District,Self-Pay,52,468792.67,1.5
GLENS FALLS HOSPITAL,North Country / Adirondack,Government,9264,114228542.47,75.5
GLENS FALLS HOSPITAL,North Country / Adirondack,Commercial,2794,27625077.18,22.8
GLENS FALLS HOSPITAL,North Country / Adirondack,Self-Pay,162,878471.03,1.3
GLENS FALLS HOSPITAL,North Country / Adirondack,Other,51,529215.54,0.4
MARGARETVILLE HOSPITAL,Central NY / Catskill Foothills,Government,93,1877357.99,93.0
MARGARETVILLE HOSPITAL,Central NY / Catskill Foothills,Commercial,6,137645.64,6.0
MARGARETVILLE HOSPITAL,Central NY / Catskill Foothills,Self-Pay,1,12674.97,1.0
MARY IMOGENE BASSETT HOSPITAL,Central NY / Catskill Foothills,Government,6885,195597652.78,69.5
MARY IMOGENE BASSETT HOSPITAL,Central NY / Catskill Foothills,Commercial,2696,50956083.49,27.2
MARY IMOGENE BASSETT HOSPITAL,Central NY / Catskill Foothills,Self-Pay,253,2574995.21,2.6
MARY IMOGENE BASSETT HOSPITAL,Central NY / Catskill Foothills,Other,76,2468643.57,0.8
NATHAN LITTAUER HOSPITAL,Mohawk Valley,Government,1973,19053298.53,86.5
NATHAN LITTAUER HOSPITAL,Mohawk Valley,Commercial,273,2103002.38,12.0
NATHAN LITTAUER HOSPITAL,Mohawk Valley,Self-Pay,31,127638.89,1.4
NATHAN LITTAUER HOSPITAL,Mohawk Valley,Other,5,62197.32,0.2
O'CONNOR HOSPITAL,Central NY / Catskill Foothills,Government,162,1522603.02,90.0
O'CONNOR HOSPITAL,Central NY / Catskill Foothills,Commercial,9,79195.06,5.0
O'CONNOR HOSPITAL,Central NY / Catskill Foothills,Other,7,58050.79,3.9
O'CONNOR HOSPITAL,Central NY / Catskill Foothills,Self-Pay,2,16517.67,1.1
SAMARITAN HOSPITAL,Capital District,Government,7883,69794761.41,79.5
SAMARITAN HOSPITAL,Capital District,Commercial,1705,10846819.01,17.2
SAMARITAN HOSPITAL,Capital District,Self-Pay,261,580262.64,2.6
SAMARITAN HOSPITAL,Capital District,Other,63,704131.78,0.6
SARATOGA HOSPITAL,Capital District,Government,6923,78610565.54,66.9
SARATOGA HOSPITAL,Capital District,Commercial,3232,29243439.64,31.3
SARATOGA HOSPITAL,Capital District,Self-Pay,119,852666.87,1.2
SARATOGA HOSPITAL,Capital District,Other,67,953275.86,0.6
ST. MARY'S HEALTHCARE,Mohawk Valley,Government,3153,37814453.23,82.8
ST. MARY'S HEALTHCARE,Mohawk Valley,Commercial,636,5288617.37,16.7
ST. MARY'S HEALTHCARE,Mohawk Valley,Other,13,101759.09,0.3
ST. MARY'S HEALTHCARE,Mohawk Valley,Self-Pay,4,9300.84,0.1
ST. MARY'S HEALTHCARE - AMSTERDAM MEMORIAL CAMPUS,Mohawk Valley,Government,242,6845462.48,93.4
ST. MARY'S HEALTHCARE - AMSTERDAM MEMORIAL CAMPUS,Mohawk Valley,Commercial,16,345218.99,6.2
ST. MARY'S HEALTHCARE - AMSTERDAM MEMORIAL CAMPUS,Mohawk Valley,Other,1,16692.75,0.4
ST. PETER'S ADDICTION RECOVERY CENTER,Capital District,Government,358,3233713.32,90.2
ST. PETER'S ADDICTION RECOVERY CENTER,Capital District,Commercial,36,329670.87,9.1
ST. PETER'S ADDICTION RECOVERY CENTER,Capital District,Self-Pay,3,28776.71,0.8
ST. PETER'S HOSPITAL,Capital District,Government,17566,301148544.66,70.9
ST. PETER'S HOSPITAL,Capital District,Commercial,6709,73852881.68,27.1
ST. PETER'S HOSPITAL,Capital District,Self-Pay,428,2102310.83,1.7
ST. PETER'S HOSPITAL,Capital District,Other,65,1196544.06,0.3
ST. PETER'S HOSPITAL - SPARC,Capital District,Government,253,4546619.02,95.1
ST. PETER'S HOSPITAL - SPARC,Capital District,Commercial,12,179798.52,4.5
ST. PETER'S HOSPITAL - SPARC,Capital District,Self-Pay,1,22406.68,0.4
SUNNYVIEW HOSPITAL AND REHABILITATION CENTER,Capital District,Government,1884,38974093.68,83.9
SUNNYVIEW HOSPITAL AND REHABILITATION CENTER,Capital District,Commercial,276,6163532.18,12.3
SUNNYVIEW HOSPITAL AND REHABILITATION CENTER,Capital District,Other,75,1916968.96,3.3
SUNNYVIEW HOSPITAL AND REHABILITATION CENTER,Capital District,Self-Pay,10,204740.38,0.4
THE UNIVERSITY OF VERMONT HEALTH NETWORK - ALICE HYDE MEDICAL CENTER,North Country / Adirondack,Government,771,4412545.60,92.3
THE UNIVERSITY OF VERMONT HEALTH NETWORK - ALICE HYDE MEDICAL CENTER,North Country / Adirondack,Commercial,56,243747.26,6.7
THE UNIVERSITY OF VERMONT HEALTH NETWORK - ALICE HYDE MEDICAL CENTER,North Country / Adirondack,Self-Pay,6,41142.74,0.7
THE UNIVERSITY OF VERMONT HEALTH NETWORK - ALICE HYDE MEDICAL CENTER,North Country / Adirondack,Other,2,16677.03,0.2
THE UNIVERSITY OF VERMONT HEALTH NETWORK - CHAMPLAIN VALLEY PHYSICIANS HOSPITAL,North Country / Adirondack,Government,6332,143574808.60,78.4
THE UNIVERSITY OF VERMONT HEALTH NETWORK - CHAMPLAIN VALLEY PHYSICIANS HOSPITAL,North Country / Adirondack,Commercial,1432,20890731.27,17.7
THE UNIVERSITY OF VERMONT HEALTH NETWORK - CHAMPLAIN VALLEY PHYSICIANS HOSPITAL,North Country / Adirondack,Self-Pay,279,2363926.93,3.5
THE UNIVERSITY OF VERMONT HEALTH NETWORK - CHAMPLAIN VALLEY PHYSICIANS HOSPITAL,North Country / Adirondack,Other,29,563388.02,0.4
THE UNIVERSITY OF VERMONT HEALTH NETWORK - ELIZABETHTOWN COMMUNITY HOSPITAL,North Country / Adirondack,Government,679,10289665.66,92.3
THE UNIVERSITY OF VERMONT HEALTH NETWORK - ELIZABETHTOWN COMMUNITY HOSPITAL,North Country / Adirondack,Commercial,41,720824.79,5.6
THE UNIVERSITY OF VERMONT HEALTH NETWORK - ELIZABETHTOWN COMMUNITY HOSPITAL,North Country / Adirondack,Other,10,83365.97,1.4
THE UNIVERSITY OF VERMONT HEALTH NETWORK - ELIZABETHTOWN COMMUNITY HOSPITAL,North Country / Adirondack,Self-Pay,6,71759.21,0.8
