procedure_key,ccsr_procedure_code,ccsr_procedure_description
1,ADM001,TRANSFUSION OF BLOOD AND BLOOD PRODUCTS
2,ADM002,TRANSFUSION OF PLASMA
3,ADM003,ADMINISTRATION OF ALBUMIN AND GLOBULIN
4,ADM004,TRANSFUSION OF CLOTTING FACTORS
5,ADM005,ADMINISTRATION OF THROMBOLYTICS AND PLATELET INHIBITORS
6,ADM006,INFUSION OF VASOPRESSOR
7,ADM007,INTRAVENOUS INDUCTION OF LABOR
8,ADM008,CERVICAL RIPENING
9,ADM009,RH IMMUNOGLOBULIN AND OTHER SERUM INFUSION
10,ADM010,VACCINATIONS
11,ADM012,CHEMOTHERAPY
12,ADM013,PERITONEAL DIALYSIS
13,ADM014,REGIONAL ANESTHESIA
14,ADM015,ADMINISTRATION OF ANTIBIOTICS
15,ADM016,ADMINISTRATION OF ANTI-INFLAMMATORY AGENTS
16,ADM017,ADMINISTRATION OF NUTRITIONAL AND ELECTROLYTIC SUBSTANCES
17,ADM018,IRRIGATION (DIAGNOSTIC AND THERAPEUTIC)
18,ADM019,POTENTIAL COVID-19 THERAPIES
19,ADM020,"ADMINISTRATION OF DIAGNOSTIC SUBSTANCES, NEC"
20,ADM021,"ADMINISTRATION OF THERAPEUTIC SUBSTANCES, NEC"
21,ADM022,COVID-19 VACCINATIONS
22,CAR001,HEART BIOPSY
23,CAR002,HEART CONDUCTION MECHANISM PROCEDURES
24,CAR003,CORONARY ARTERY BYPASS GRAFTS (CABG)
25,CAR004,PERCUTANEOUS CORONARY INTERVENTIONS (PCI)
26,CAR005,OTHER CORONARY ARTERY PROCEDURES (EXCLUDING CABG AND PCI)
27,CAR006,CAROTID ENDARTERECTOMY AND STENTING
28,CAR007,"EMBOLECTOMY, ENDARTERECTOMY, AND RELATED VESSEL PROCEDURES (NON-ENDOVASCULAR; EXCLUDING CAROTID)"
29,CAR008,ANGIOPLASTY AND RELATED VESSEL PROCEDURES (ENDOVASCULAR; EXCLUDING CAROTID)
30,CAR009,LEFT ATRIAL APPENDAGE PROCEDURES
31,CAR010,LIGATION AND EMBOLIZATION OF VESSELS
32,CAR011,ANEURYSM REPAIR PROCEDURES
33,CAR012,VESSEL REPAIR AND REPLACEMENT
34,CAR013,HEART AND GREAT VESSEL BYPASS PROCEDURES
35,CAR014,PERIPHERAL ARTERIAL BYPASS PROCEDURES
36,CAR015,PERIPHERAL ARTERIOVENOUS FISTULA AND SHUNT PROCEDURES
37,CAR016,PORTAL AND OTHER VENOUS BYPASS PROCEDURES
38,CAR017,PERICARDIAL PROCEDURES
39,CAR019,SEPTAL REPAIR AND OTHER THERAPEUTIC HEART PROCEDURES
40,CAR020,SAPHENOUS VEIN HARVEST AND OTHER THERAPEUTIC VESSEL REMOVAL
41,CAR021,"ARTERY, VEIN, AND GREAT VESSEL PROCEDURES, NEC"
42,CAR022,HEART VALVE REPLACEMENT AND OTHER VALVE PROCEDURES (NON-ENDOVASCULAR)
43,CAR023,HEART VALVE REPLACEMENT AND OTHER VALVE PROCEDURES (ENDOVASCULAR)
44,CAR024,VENOUS AND ARTERIAL CATHETER PLACEMENT
45,CAR025,PLACEMENT OF TUNNELED OR IMPLANTABLE PORTION OF A VASCULAR ACCESS DEVICE
46,CAR026,PACEMAKER AND DEFIBRILLATOR PROCEDURES
47,CAR027,HEART ASSIST DEVICE PROCEDURES
48,CAR028,INFERIOR VENA CAVA (IVC) FILTER PROCEDURES
49,CAR029,"CARDIOVASCULAR DEVICE PROCEDURES, NEC"
50,CNS001,MINIMALLY INVASIVE CNS BIOPSY
51,CNS002,LUMBAR PUNCTURE
52,CNS003,SPINAL CANAL AND SPINAL CORD DRAINAGE (EXCLUDING LUMBAR PUNCTURE)
53,CNS004,INTRACRANIAL EPIDURAL AND SUBDURAL SPACE DRAINAGE
54,CNS005,VENTRICULOSTOMY [PERCUTANEOUS APPROACH]
55,CNS006,OTHER CNS DRAINAGE AND RELATED PROCEDURES
56,CNS007,CNS EXCISION PROCEDURES
57,CNS008,SPINAL CORD DECOMPRESSION
58,CNS009,DECOMPRESSIVE CRANIECTOMY
59,CNS010,CEREBROSPINAL FLUID SHUNT PROCEDURES
60,CNS011,MENINGES REPAIR
61,CNS012,CNS NEUROSTIMULATOR PROCEDURES
62,CNS013,SPINAL EPIDURAL CATHETER PLACEMENT
63,CNS014,"CNS PROCEDURES, NEC"
64,ENP001,ENDOCRINE SYSTEM BIOPSY
65,ENP002,THYROIDECTOMY
66,ENP003,PARATHYROIDECTOMY
67,ENP004,ADRENALECTOMY
68,ENP005,PITUITARY GLAND RESECTION
69,ENP006,"ENDOCRINE PROCEDURES, NEC"
70,ENT001,LARYNGOSCOPY (DIAGNOSTIC)
71,ENT002,ENT DIAGNOSTIC ENDOSCOPY (EXCLUDING LARYNGOSCOPY)
72,ENT003,ENT DIAGNOSTIC PROCEDURES (NON-ENDOSCOPIC)
73,ENT004,DIAGNOSTIC AUDIOLOGY
74,ENT005,MYRINGOTOMY
75,ENT006,ENT DRAINAGE (EXCLUDING MYRINGOTOMY)
76,ENT007,TONSILECTOMY AND ADENOIDECTOMY
77,ENT008,NASAL AND SINUS EXCISION
78,ENT009,TONGUE EXCISION
79,ENT010,SALIVARY GLAND EXCISION
80,ENT011,LARYNGECTOMY
81,ENT012,"ENT EXCISION (EXCLUDING NASAL PASSAGE, SINUSES, TONGUE, SALIVARY GLANDS, LARYNX)"
82,ENT013,ENT REPAIR
83,ENT014,FRENECTOMY
84,ENT015,DENTAL PROCEDURES
85,ENT017,"ENT PROCEDURES, NEC"
86,ESA001,HEMODIALYSIS
87,ESA002,EXTRACORPOREAL MEMBRANE OXYGENATION
88,ESA003,MECHANICAL VENTILATION
89,ESA004,NON-INVASIVE VENTILATION
90,ESA005,CARDIAC CHEST COMPRESSION
91,ESA006,CARDIOVERSION
92,ESA007,CARDIAC PACING
93,ESA008,OPEN HEART CARDIOPULMONARY BYPASS
94,ESA009,CARDIAC ASSISTANCE WITH BALLOON PUMP
95,ESA010,CARDIAC ASSISTANCE WITH VENTRICULAR ASSIST DEVICE
96,EST001,PHERESIS THERAPY
97,EST002,PHOTOTHERAPY
98,EST003,ULTRAVIOLET LIGHT THERAPY
99,EST004,HYPOTHERMIA THERAPY
100,EYP001,EYE PROCEDURES
101,EYP002,EYELID PROCEDURES
102,FRS001,HYSTERECTOMY
103,FRS002,OOPHORECTOMY
104,FRS003,SALPINGECTOMY
105,FRS004,TRACHELECTOMY
106,FRS005,FALLOPIAN TUBE LIGATION AND EXCISION
107,FRS006,VULVAR LACERATION REPAIR
108,FRS007,FEMALE GENITAL TRACT REPAIR (EXCLUDING VULVA)
109,FRS008,CERVICAL DILATION
110,FRS009,CERVICAL CERCLAGE
111,FRS010,FEMALE UPPER GENITAL TRACT EXCISION
112,FRS011,FEMALE LOWER GENITAL TRACT EXCISION
113,FRS015,"FEMALE REPRODUCTIVE SYSTEM PROCEDURES, NEC"
114,GIS001,ESOPHAGOGASTRODUODENOSCOPY (EGD) WITH BIOPSY
115,GIS002,COLONOSCOPY AND PROCTOSCOPY WITH BIOPSY
116,GIS003,GI SYSTEM BIOPSY (NON-ENDOSCOPIC)
117,GIS004,GI SYSTEM ENDOSCOPY WITHOUT BIOPSY (DIAGNOSTIC)
118,GIS005,EXPLORATION OF PERITONEAL CAVITY
119,GIS006,PARACENTESIS
120,GIS007,GI SYSTEM DRAINAGE (EXCLUDING PARACENTESIS)
121,GIS008,APPENDECTOMY
122,GIS009,COLECTOMY
123,GIS010,GASTRECTOMY
124,GIS011,SMALL BOWEL RESECTION
125,GIS012,DUODENAL RESECTION
126,GIS013,PROCTECTOMY OR ANAL RESECTION
127,GIS014,ESOPHAGECTOMY
128,GIS015,OMENTECTOMY OR PERITONEUM RESECTION
129,GIS016,GI SYSTEM ENDOSCOPIC THERAPEUTIC PROCEDURES
130,GIS017,GASTROSTOMY
131,GIS018,ILEOSTOMY AND COLOSTOMY
132,GIS019,GASTRO-JEJUNAL BYPASS (INCLUDING BARIATRIC)
133,GIS020,ANORECTAL REPAIR (3RD AND 4TH DEGREE OBSTETRICAL REPAIRS AND OTHER)
134,GIS021,GI SYSTEM REPAIR (EXCLUDING ANORECTAL)
135,GIS022,GI SYSTEM LYSIS OF ADHESIONS
136,GIS024,OTHER PERITONEAL CAVITY PROCEDURES
137,GIS025,OTHER GI SYSTEM DEVICE PROCEDURES
138,GIS026,"UPPER GI THERAPEUTIC PROCEDURES, NEC (OPEN AND LAPAROSCOPIC)"
139,GIS027,"UPPER GI THERAPEUTIC PROCEDURES, NEC (ENDOSCOPIC)"
140,GIS028,"LOWER GI THERAPEUTIC PROCEDURES, NEC (OPEN AND LAPAROSCOPIC)"
141,GIS029,"LOWER GI THERAPEUTIC PROCEDURES, NEC (EXCLUDING OPEN AND LAPAROSCOPIC)"
142,GNR001,COSMETIC PROCEDURES
143,GNR002,ABDOMINAL WALL REPAIR (INCLUDING HERNIA)
144,GNR003,INGUINAL AND FEMORAL HERNIA REPAIR
145,GNR004,ENDOSCOPIC CONTROL OF BLEEDING
146,GNR005,CONTROL OF BLEEDING (NON-ENDOSCOPIC)
147,GNR006,"CHEST WALL PROCEDURES, NEC"
148,GNR007,"MEDIASTINAL PROCEDURES, NEC"
149,GNR008,"ABDOMINAL WALL PROCEDURES, NEC"
150,GNR009,"RETROPERITONEAL PROCEDURES, NEC"
151,HEP001,LIVER BIOPSY
152,HEP002,PANCREATICOBILIARY BIOPSY
153,HEP003,DIAGNOSTIC ERCP WITH OR WITHOUT BIOPSY
154,HEP004,HEPATOBILIARY RESECTION AND ABLATION
155,HEP005,PANCREATECTOMY
156,HEP006,CHOLECYSTECTOMY
157,HEP007,BILIARY AND PANCREATIC CALCULUS REMOVAL
158,HEP008,COMMON BILE DUCT SPHINCTEROTOMY AND STENTING
159,HEP009,PANCREATIC AND PROXIMAL BILIARY DILATION AND STENTING
160,HEP010,HEPATOBILIARY AND PANCREATIC DRAINAGE
161,HEP013,"HEPATOBILIARY AND PANCREATIC PROCEDURES, NEC"
162,IMG001,CARDIAC AND CORONARY FLUOROSCOPY
163,IMG002,FLUOROSCOPIC ANGIOGRAPHY (EXCLUDING CORONARY)
164,IMG003,FLUOROSCOPIC GUIDANCE FOR CIRCULATORY SYSTEM PROCEDURES
165,IMG004,FLUOROSCOPY OF NON-CIRCULATORY ORGANS
166,IMG005,MAGNETIC RESONANCE IMAGING (MRI)
167,IMG006,COMPUTERIZED TOMOGRAPHY (CT) WITH CONTRAST
168,IMG007,COMPUTERIZED TOMOGRAPHY (CT) WITHOUT CONTRAST
169,IMG008,ULTRASONOGRAPHY
170,IMG009,PLAIN RADIOGRAPHY
171,IMG010,FLUORESCENCE IMAGING
172,LYM001,LYMPH NODE BIOPSY
173,LYM002,LYMPH NODE EXCISION (THERAPEUTIC)
174,LYM003,LYMPH NODE DISSECTION
175,LYM004,THYMECTOMY
176,LYM005,SPLENECTOMY
177,LYM006,SPLEEN PROCEDURES (EXCLUDING SPLENECTOMY)
178,LYM007,BONE MARROW BIOPSY
179,LYM008,BONE MARROW ASPIRATION (THERAPEUTIC)
180,LYM011,"LYMPHATIC PROCEDURES, NEC"
181,MAM001,ARTERIAL OXYGEN SATURATION MONITORING
182,MAM002,PERIPHERAL ARTERIAL PRESSURE MONITORING
183,MAM003,PULMONARY ARTERIAL PRESSURE MONITORING
184,MAM004,CARDIAC STRESS TESTS
185,MAM005,MEASUREMENT DURING CARDIAC CATHETERIZATION
186,MAM006,PACEMAKER AND DEFIBRILLATOR INTERROGATION
187,MAM007,ELECTROCARDIOGRAM (ECG)
188,MAM008,CARDIAC MONITORING
189,MAM009,ELECTROPHYSIOLOGIC STUDIES
190,MAM010,OTHER CARDIOVASCULAR SYSTEM MEASUREMENT AND MONITORING
191,MAM011,ELECTROENCEPHALOGRAM (EEG)
192,MAM013,MONITORING OF PERIPHERAL NERVES
193,MAM015,"MEASUREMENT AND MONITORING, NEC"
194,MHT002,PSYCHOTHERAPY FOR MENTAL HEALTH (EXCLUDING SUBSTANCE USE)
195,MHT003,ELECTROCONVULSIVE THERAPY
196,MRS001,CIRCUMCISION
197,MRS002,PENIS PROCEDURES (EXCLUDING CIRCUMCISION)
198,MRS003,PROSTATECTOMY
199,MRS004,PROSTATE AND SEMINAL VESICLE PROCEDURES (EXCLUDING PROSTATECTOMY)
200,MRS005,MALE PERINEUM PROCEDURES
201,MRS007,"MALE REPRODUCTIVE SYSTEM PROCEDURES, NEC"
202,MST001,ARTHROCENTESIS
203,MST002,BONE AND JOINT BIOPSY
204,MST003,"SUBCUTANEOUS TISSUE, FASCIA, AND MUSCLE BIOPSY"
205,MST004,INCISION AND DRAINAGE OF MUSCULOSKELETAL TISSUE AND JOINTS
206,MST005,INCISION AND DRAINAGE OF SUBCUTANEOUS TISSUE AND FASCIA
207,MST006,KNEE ARTHROPLASTY
208,MST007,HIP ARTHROPLASTY
209,MST008,ARTHROPLASTY OF OTHER JOINT (EXCLUDING KNEE AND HIP)
210,MST009,FIXATION OF UPPER EXTREMITY BONES
211,MST010,FEMUR FIXATION
212,MST011,FIXATION OF LEG AND FOOT BONES
213,MST012,BONE FIXATION (EXCLUDING EXTREMITIES)
214,MST013,SPINE FUSION
215,MST014,JOINT FUSION (EXCLUDING SPINE)
216,MST015,CLOSED REDUCTION OF BONES AND JOINTS
217,MST016,VERTEBRAL DISCECTOMY
218,MST017,JOINT TISSUE EXCISION (EXCLUDING DISCECTOMY)
219,MST018,BONE EXCISION
220,MST019,"MUSCLE, TENDON, BURSA, AND LIGAMENT EXCISION"
221,MST020,SUBCUTANEOUS TISSUE AND FASCIA EXCISION
222,MST021,PERINEAL MUSCLE LACERATION REPAIR (2ND DEGREE OBSTETRICAL AND OTHER)
223,MST022,"TENDON, MUSCLE, BURSA, AND LIGAMENT REPAIR (EXCLUDING PERINEAL)"
224,MST023,TOE AND MID FOOT AMPUTATION
225,MST024,BELOW KNEE AMPUTATION
226,MST025,ABOVE KNEE AND OTHER PROXIMAL LOWER EXTREMITY AMPUTATION
227,MST026,FINGER AND OTHER UPPER EXTREMITY AMPUTATION
228,MST028,"SUBCUTANEOUS TISSUE AND FASCIA PROCEDURES, NEC"
229,MST029,"MUSCULOSKELETAL DEVICE PROCEDURES, NEC"
230,MST030,"MUSCULOSKELETAL PROCEDURES, NEC"
231,NONE,No Procedure Performed
232,OTR001,ROBOTIC-ASSISTED PROCEDURES
233,OTR002,COMPUTER-ASSISTED PROCEDURES
234,OTR003,FLUORESCENCE-GUIDED PROCEDURES
235,OTR004,ISOLATION PROCEDURES
236,PGN001,FETAL HEART RATE MONITORING
237,PGN002,SPONTANEOUS VAGINAL DELIVERY
238,PGN003,CESAREAN SECTION
239,PGN004,ASSISTED VAGINAL DELIVERY
240,PGN005,EPISIOTOMY
241,PGN006,REMOVAL OF PLACENTA AND OTHER RETAINED PRODUCTS OF CONCEPTION
242,PGN009,"PREGNANCY AND FETAL PROCEDURES, NEC"
243,PLC001,IMMOBILIZATION BY SPLINT OR OTHER EXTERNAL DEVICE
244,PLC002,PACKING AND DRESSING PROCEDURES
245,PNS001,LUMBOSACRAL NERVE DECOMPRESSION
246,PNS002,CERVICOTHORACIC NERVE DECOMPRESSION
247,PNS003,PERIPHERAL NERVE DECOMPRESSION (EXCLUDING LUMBOSACRAL AND CERVICOTHORACIC)
248,PNS004,NERVE REPAIR
249,PNS005,PERIPHERAL NERVE DENERVATION
250,PNS006,"PERIPHERAL NERVE PROCEDURES, NEC"
251,RAD001,BEAM RADIATION
252,RAD002,BRACHYTHERAPY
253,RAD004,"RADIATION THERAPY, NEC"
254,RES001,BRONCHOSCOPY (DIAGNOSTIC)
255,RES002,"LUNG, PLEURA, OR DIAPHRAGM BIOPSY (NON-ENDOSCOPIC)"
256,RES003,THORACENTESIS (DIAGNOSTIC)
257,RES004,BRONCHOSCOPY (THERAPEUTIC)
258,RES005,CHEST TUBE PLACEMENT AND THERAPEUTIC THORACENTESIS
259,RES006,OPEN AND THORACOSCOPIC PLEURAL DRAINAGE
260,RES007,AIRWAY INTUBATION
261,RES008,"LUNG, PLEURA, OR DIAPHRAGM RESECTION (OPEN AND THORACOSCOPIC)"
262,RES009,BRONCHOSCOPIC EXCISION AND FULGURATION
263,RES010,TRACHEOSTOMY
264,RES011,DIAPHRAGMATIC HERNIA REPAIR
265,RES012,RELEASE OF LUNG AND PLEURA
266,RES014,"RESPIRATORY SYSTEM PROCEDURES, NEC"
267,RHB001,"PHYSICAL, OCCUPATIONAL, AND RESPIRATORY THERAPY EVALUATION"
268,RHB002,"PHYSICAL, OCCUPATIONAL, AND RESPIRATORY THERAPY TREATMENT"
269,RHB003,SPEECH THERAPY EVALUATION
270,SKB001,SKIN BIOPSY AND DIAGNOSTIC DRAINAGE
271,SKB002,INCISION AND DRAINAGE OF SKIN
272,SKB003,MASTECTOMY AND LUMPECTOMY
273,SKB004,BREAST RECONSTRUCTION
274,SKB005,PERINEAL SKIN REPAIR (1ST DEGREE OBSTETRICAL AND OTHER)
275,SKB006,SKIN LACERATION REPAIR (EXCLUDING PERINEUM)
276,SKB007,SKIN GRAFT
277,SKB008,SKIN EXCISION AND DEBRIDEMENT
278,SKB009,NAIL PROCEDURES
279,SKB010,"SKIN AND BREAST PROCEDURES, NEC"
280,SUD001,SUBSTANCE USE DETOXIFICATION
281,SUD003,PSYCHOTHERAPY FOR SUBSTANCE USE
282,SUD004,COUNSELING FOR SUBSTANCE USE
283,URN001,CYSTOSCOPY AND URETEROSCOPY (INCLUDING BIOPSY)
284,URN002,KIDNEY AND OTHER URINARY TRACT BIOPSY (NON-ENDOSCOPIC)
285,URN003,URETER AND OTHER URINARY TRACT DILATION
286,URN004,REMOVAL OF CALCULI AND OTHER MATTER FROM URINARY TRACT
287,URN005,NEPHROSTOMY AND URETEROSTOMY PROCEDURES (INCLUDING STENTS)
288,URN006,BLADDER CATHETERIZATION AND DRAINAGE
289,URN007,URINARY TRACT REPAIR
290,URN008,NEPHRECTOMY AND URETERECTOMY
291,URN009,CYSTECTOMY (INCLUDING FULGURATION) AND URETHRECTOMY
292,URN010,URINARY DIVERSION WITH ANASTOMOSIS OR OSTOMY
293,URN011,KIDNEY TRANSPLANT
294,URN012,"URINARY SYSTEM PROCEDURES, NEC"
