diagnosis_key,ccsr_diagnosis_code,ccsr_diagnosis_description
1,BLD001,NUTRITIONAL ANEMIA
2,BLD002,HEMOLYTIC ANEMIA
3,BLD003,APLASTIC ANEMIA
4,BLD004,ACUTE POSTHEMORRHAGIC ANEMIA
5,BLD005,SICKLE CELL TRAIT/ANEMIA
6,BLD006,COAGULATION AND HEMORRHAGIC DISORDERS
7,BLD007,DISEASES OF WHITE BLOOD CELLS
8,BLD008,IMMUNITY DISORDERS
9,BLD009,POSTPROCEDURAL OR POSTOPERATIVE COMPLICATIONS OF THE SPLEEN
10,BLD010,OTHER SPECIFIED AND UNSPECIFIED HEMATOLOGIC CONDITIONS
11,CIR001,CHRONIC RHEUMATIC HEART DISEASE
12,CIR002,ACUTE RHEUMATIC HEART DISEASE
13,CIR003,NONRHEUMATIC AND UNSPECIFIED VALVE DISORDERS
14,CIR004,ENDOCARDITIS AND ENDOCARDIAL DISEASE
15,CIR005,MYOCARDITIS AND CARDIOMYOPATHY
16,CIR006,PERICARDITIS AND PERICARDIAL DISEASE
17,CIR007,ESSENTIAL HYPERTENSION
18,CIR008,HYPERTENSION WITH COMPLICATIONS AND SECONDARY HYPERTENSION
19,CIR009,ACUTE MYOCARDIAL INFARCTION
20,CIR010,COMPLICATIONS OF ACUTE MYOCARDIAL INFARCTION
21,CIR011,CORONARY ATHEROSCLEROSIS AND OTHER HEART DISEASE
22,CIR012,NONSPECIFIC CHEST PAIN
23,CIR013,ACUTE PULMONARY EMBOLISM
24,CIR014,PULMONARY HEART DISEASE
25,CIR015,OTHER AND ILL-DEFINED HEART DISEASE
26,CIR016,CONDUCTION DISORDERS
27,CIR017,CARDIAC DYSRHYTHMIAS
28,CIR018,CARDIAC ARREST AND VENTRICULAR FIBRILLATION
29,CIR019,HEART FAILURE
30,CIR020,CEREBRAL INFARCTION
31,CIR021,ACUTE HEMORRHAGIC CEREBROVASCULAR DISEASE
32,CIR022,SEQUELA OF HEMORRHAGIC CEREBROVASCULAR DISEASE
33,CIR023,OCCLUSION OR STENOSIS OF PRECEREBRAL OR CEREBRAL ARTERIES WITHOUT INFARCTION
34,CIR024,OTHER AND ILL-DEFINED CEREBROVASCULAR DISEASE
35,CIR025,SEQUELA OF CEREBRAL INFARCTION AND OTHER CEREBROVASCULAR DISEASE
36,CIR026,PERIPHERAL AND VISCERAL VASCULAR DISEASE
37,CIR027,ARTERIAL DISSECTIONS
38,CIR028,GANGRENE
39,CIR029,AORTIC; PERIPHERAL; AND VISCERAL ARTERY ANEURYSMS
40,CIR030,AORTIC AND PERIPHERAL ARTERIAL EMBOLISM OR THROMBOSIS
41,CIR031,HYPOTENSION
42,CIR032,OTHER SPECIFIED AND UNSPECIFIED CIRCULATORY DISEASE
43,CIR033,ACUTE PHLEBITIS; THROMBOPHLEBITIS AND THROMBOEMBOLISM
44,CIR034,CHRONIC PHLEBITIS; THROMBOPHLEBITIS AND THROMBOEMBOLISM
45,CIR035,VARICOSE VEINS OF LOWER EXTREMITY
46,CIR036,POSTTHROMBOTIC SYNDROME AND VENOUS INSUFFICIENCY/HYPERTENSION
47,CIR038,POSTPROCEDURAL OR POSTOPERATIVE CIRCULATORY SYSTEM COMPLICATION
48,CIR039,OTHER SPECIFIED DISEASES OF VEINS AND LYMPHATICS
49,DIG001,INTESTINAL INFECTION
50,DIG002,DISORDERS OF TEETH AND GINGIVA
51,DIG003,DISEASES OF MOUTH; EXCLUDING DENTAL
52,DIG004,ESOPHAGEAL DISORDERS
53,DIG005,GASTRODUODENAL ULCER
54,DIG006,GASTROINTESTINAL AND BILIARY PERFORATION
55,DIG007,GASTRITIS AND DUODENITIS
56,DIG008,OTHER SPECIFIED AND UNSPECIFIED DISORDERS OF STOMACH AND DUODENUM
57,DIG009,APPENDICITIS AND OTHER APPENDICEAL CONDITIONS
58,DIG010,ABDOMINAL HERNIA
59,DIG011,REGIONAL ENTERITIS AND ULCERATIVE COLITIS
60,DIG012,INTESTINAL OBSTRUCTION AND ILEUS
61,DIG013,DIVERTICULOSIS AND DIVERTICULITIS
62,DIG014,HEMORRHOIDS
63,DIG015,ANAL AND RECTAL CONDITIONS
64,DIG016,PERITONITIS AND INTRA-ABDOMINAL ABSCESS
65,DIG017,BILIARY TRACT DISEASE
66,DIG018,HEPATIC FAILURE
67,DIG019,OTHER SPECIFIED AND UNSPECIFIED LIVER DISEASE
68,DIG020,PANCREATIC DISORDERS (EXCLUDING DIABETES)
69,DIG021,GASTROINTESTINAL HEMORRHAGE
70,DIG022,NONINFECTIOUS GASTROENTERITIS
71,DIG023,NONINFECTIOUS HEPATITIS
72,DIG024,POSTPROCEDURAL OR POSTOPERATIVE DIGESTIVE SYSTEM COMPLICATION
73,DIG025,OTHER SPECIFIED AND UNSPECIFIED GASTROINTESTINAL DISORDERS
74,EAR001,OTITIS MEDIA
75,EAR002,DISEASES OF MIDDLE EAR AND MASTOID (EXCEPT OTITIS MEDIA)
76,EAR003,DISEASES OF INNER EAR AND RELATED CONDITIONS
77,EAR004,HEARING LOSS
78,EAR006,OTHER SPECIFIED AND UNSPECIFIED DISORDERS OF THE EAR
79,END001,THYROID DISORDERS
80,END002,DIABETES MELLITUS WITHOUT COMPLICATION
81,END003,DIABETES MELLITUS WITH COMPLICATION
82,END007,NUTRITIONAL DEFICIENCIES
83,END008,MALNUTRITION
84,END009,OBESITY
85,END010,DISORDERS OF LIPID METABOLISM
86,END011,FLUID AND ELECTROLYTE DISORDERS
87,END012,CYSTIC FIBROSIS
88,END013,PITUITARY DISORDERS
89,END014,POSTPROCEDURAL OR POSTOPERATIVE ENDOCRINE OR METABOLIC COMPLICATION
90,END015,OTHER SPECIFIED AND UNSPECIFIED ENDOCRINE DISORDERS
91,END016,OTHER SPECIFIED AND UNSPECIFIED NUTRITIONAL AND METABOLIC DISORDERS
92,EYE001,CORNEA AND EXTERNAL DISEASE
93,EYE003,GLAUCOMA
94,EYE004,UVEITIS AND OCULAR INFLAMMATION
95,EYE005,RETINAL AND VITREOUS CONDITIONS
96,EYE006,NEURO-OPHTHALMOLOGY
97,EYE008,OCULOFACIAL PLASTICS AND ORBITAL CONDITIONS
98,EYE010,BLINDNESS AND VISION DEFECTS
99,EYE011,POSTPROCEDURAL OR POSTOPERATIVE EYE COMPLICATION
100,EYE012,OTHER SPECIFIED EYE DISORDERS
101,FAC003,"ENCOUNTER FOR OBSERVATION AND EXAMINATION FOR CONDITIONS RULED OUT (EXCLUDES INFECTIOUS DISEASE, NEOPLASM, MENTAL DISORDERS)"
102,FAC004,ENCOUNTER FOR PROPHYLACTIC OR OTHER PROCEDURES
103,FAC006,ENCOUNTER FOR ANTINEOPLASTIC THERAPIES
104,FAC008,NEOPLASM-RELATED ENCOUNTERS
105,FAC009,"IMPLANT, DEVICE OR GRAFT RELATED ENCOUNTER"
106,FAC010,OTHER AFTERCARE ENCOUNTER
107,FAC014,MEDICAL EXAMINATION/EVALUATION
108,FAC016,"EXPOSURE, ENCOUNTERS, SCREENING OR CONTACT WITH INFECTIOUS DISEASE"
109,FAC025,OTHER SPECIFIED STATUS
110,GEN001,NEPHRITIS; NEPHROSIS; RENAL SCLEROSIS
111,GEN002,ACUTE AND UNSPECIFIED RENAL FAILURE
112,GEN003,CHRONIC KIDNEY DISEASE
113,GEN004,URINARY TRACT INFECTIONS
114,GEN005,CALCULUS OF URINARY TRACT
115,GEN006,OTHER SPECIFIED AND UNSPECIFIED DISEASES OF KIDNEY AND URETERS
116,GEN007,OTHER SPECIFIED AND UNSPECIFIED DISEASES OF BLADDER AND URETHRA
117,GEN008,URINARY INCONTINENCE
118,GEN009,HEMATURIA
119,GEN011,VESICOURETERAL REFLUX
120,GEN012,HYPERPLASIA OF PROSTATE
121,GEN013,INFLAMMATORY CONDITIONS OF MALE GENITAL ORGANS
122,GEN014,ERECTILE DYSFUNCTION
123,GEN016,OTHER SPECIFIED MALE GENITAL DISORDERS
124,GEN017,NONMALIGNANT BREAST CONDITIONS
125,GEN018,INFLAMMATORY DISEASES OF FEMALE PELVIC ORGANS
126,GEN019,ENDOMETRIOSIS
127,GEN020,PROLAPSE OF FEMALE GENITAL ORGANS
128,GEN021,MENSTRUAL DISORDERS
129,GEN022,BENIGN OVARIAN CYST
130,GEN023,MENOPAUSAL DISORDERS
131,GEN025,OTHER SPECIFIED FEMALE GENITAL DISORDERS
132,GEN026,POSTPROCEDURAL OR POSTOPERATIVE GENITOURINARY SYSTEM COMPLICATION
133,INF001,TUBERCULOSIS
134,INF002,SEPTICEMIA
135,INF003,BACTERIAL INFECTIONS
136,INF004,FUNGAL INFECTIONS
137,INF005,FOODBORNE INTOXICATIONS
138,INF006,HIV INFECTION
139,INF007,HEPATITIS
140,INF008,VIRAL INFECTION
141,INF009,"PARASITIC, OTHER SPECIFIED AND UNSPECIFIED INFECTIONS"
142,INF010,SEXUALLY TRANSMITTED INFECTIONS (EXCLUDING HIV AND HEPATITIS)
143,INF012,CORONAVIRUS DISEASE 2019 (COVID-19)
144,INJ001,"FRACTURE OF HEAD AND NECK, INITIAL ENCOUNTER"
145,INJ002,"FRACTURE OF THE SPINE AND BACK, INITIAL ENCOUNTER"
146,INJ003,"FRACTURE OF TORSO, INITIAL ENCOUNTER"
147,INJ004,"FRACTURE OF THE UPPER LIMB, INITIAL ENCOUNTER"
148,INJ005,"FRACTURE OF THE LOWER LIMB (EXCEPT HIP), INITIAL ENCOUNTER"
149,INJ006,"FRACTURE OF THE NECK OF THE FEMUR (HIP), INITIAL ENCOUNTER"
150,INJ007,"DISLOCATIONS, INITIAL ENCOUNTER"
151,INJ008,"TRAUMATIC BRAIN INJURY (TBI); CONCUSSION, INITIAL ENCOUNTER"
152,INJ009,"SPINAL CORD INJURY (SCI), INITIAL ENCOUNTER"
153,INJ010,"INTERNAL ORGAN INJURY, INITIAL ENCOUNTER"
154,INJ011,"OPEN WOUNDS OF HEAD AND NECK, INITIAL ENCOUNTER"
155,INJ012,"OPEN WOUNDS TO LIMBS, INITIAL ENCOUNTER"
156,INJ013,"OPEN WOUNDS OF TRUNK, INITIAL ENCOUNTER"
157,INJ014,"AMPUTATION OF A LIMB, INITIAL ENCOUNTER"
158,INJ016,"INJURY TO BLOOD VESSELS, INITIAL ENCOUNTER"
159,INJ017,"SUPERFICIAL INJURY; CONTUSION, INITIAL ENCOUNTER"
160,INJ018,"CRUSHING INJURY, INITIAL ENCOUNTER"
161,INJ019,"BURN AND CORROSION, INITIAL ENCOUNTER"
162,INJ020,"EFFECT OF FOREIGN BODY ENTERING OPENING, INITIAL ENCOUNTER"
163,INJ021,"EFFECT OF OTHER EXTERNAL CAUSES, INITIAL ENCOUNTER"
164,INJ022,"POISONING BY DRUGS, INITIAL ENCOUNTER"
165,INJ023,"TOXIC EFFECTS, INITIAL ENCOUNTER"
166,INJ024,"SPRAINS AND STRAINS, INITIAL ENCOUNTER"
167,INJ025,"INJURY TO NERVES, MUSCLES AND TENDONS, INITIAL ENCOUNTER"
168,INJ026,OTHER SPECIFIED INJURY
169,INJ027,OTHER UNSPECIFIED INJURY
170,INJ028,"ADVERSE EFFECTS OF DRUGS AND MEDICAMENTS, INITIAL ENCOUNTER"
171,INJ030,DRUG INDUCED OR TOXIC RELATED CONDITION
172,INJ031,ALLERGIC REACTIONS
173,INJ032,MALTREATMENT/ABUSE
174,INJ033,"COMPLICATION OF CARDIOVASCULAR DEVICE, IMPLANT OR GRAFT, INITIAL ENCOUNTER"
175,INJ034,"COMPLICATION OF GENITOURINARY DEVICE, IMPLANT OR GRAFT, INITIAL ENCOUNTER"
176,INJ035,"COMPLICATION OF INTERNAL ORTHOPEDIC DEVICE OR IMPLANT, INITIAL ENCOUNTER"
177,INJ036,"COMPLICATION OF TRANSPLANTED ORGANS OR TISSUE, INITIAL ENCOUNTER"
178,INJ037,"COMPLICATION OF OTHER SURGICAL OR MEDICAL CARE, INJURY, INITIAL ENCOUNTER"
179,INJ038,"FRACTURE OF HEAD AND NECK, SUBSEQUENT ENCOUNTER"
180,INJ039,"FRACTURE OF THE SPINE AND BACK, SUBSEQUENT ENCOUNTER"
181,INJ040,"FRACTURE OF TORSO, SUBSEQUENT ENCOUNTER"
182,INJ041,"FRACTURE OF THE UPPER LIMB, SUBSEQUENT ENCOUNTER"
183,INJ042,"FRACTURE OF LOWER LIMB (EXCEPT HIP), SUBSEQUENT ENCOUNTER"
184,INJ043,"FRACTURE OF THE NECK OF THE FEMUR (HIP), SUBSEQUENT ENCOUNTER"
185,INJ044,"DISLOCATIONS, SUBSEQUENT ENCOUNTER"
186,INJ045,"TRAUMATIC BRAIN INJURY (TBI); CONCUSSION, SUBSEQUENT ENCOUNTER"
187,INJ046,"SPINAL CORD INJURY (SCI), SUBSEQUENT ENCOUNTER"
188,INJ047,"INTERNAL ORGAN INJURY, SUBSEQUENT ENCOUNTER"
189,INJ048,"OPEN WOUNDS OF HEAD AND NECK, SUBSEQUENT ENCOUNTER"
190,INJ049,"OPEN WOUNDS TO LIMBS, SUBSEQUENT ENCOUNTER"
191,INJ054,"SUPERFICIAL INJURY; CONTUSION, SUBSEQUENT ENCOUNTER"
192,INJ055,"CRUSHING INJURY, SUBSEQUENT ENCOUNTER"
193,INJ056,"BURNS AND CORROSION, SUBSEQUENT ENCOUNTER"
194,INJ064,"OTHER UNSPECIFIED INJURIES, SUBSEQUENT ENCOUNTER"
195,INJ069,"COMPLICATION OF CARDIOVASCULAR DEVICE, IMPLANT OR GRAFT, SUBSEQUENT ENCOUNTER"
196,INJ071,"COMPLICATION OF INTERNAL ORTHOPEDIC DEVICE OR IMPLANT, SUBSEQUENT ENCOUNTER"
197,INJ072,"COMPLICATION OF OTHER SURGICAL OR MEDICAL CARE, INJURY, SUBSEQUENT ENCOUNTER"
198,INJ073,"INJURY, SEQUELA"
199,INJ076,"COMPLICATION, SEQUELA"
200,MAL001,CARDIAC AND CIRCULATORY CONGENITAL ANOMALIES
201,MAL002,DIGESTIVE CONGENITAL ANOMALIES
202,MAL003,GENITOURINARY CONGENITAL ANOMALIES
203,MAL004,NERVOUS SYSTEM CONGENITAL ANOMALIES
204,MAL005,"CONGENITAL MALFORMATIONS OF EYE, EAR, FACE, NECK"
205,MAL006,CLEFT LIP OR PALATE
206,MAL007,RESPIRATORY CONGENITAL MALFORMATIONS
207,MAL008,MUSCULOSKELETAL CONGENITAL CONDITIONS
208,MAL009,CHROMOSOMAL ABNORMALITIES
209,MAL010,OTHER SPECIFIED AND UNSPECIFIED CONGENITAL ANOMALIES
210,MBD001,SCHIZOPHRENIA SPECTRUM AND OTHER PSYCHOTIC DISORDERS
211,MBD002,DEPRESSIVE DISORDERS
212,MBD003,BIPOLAR AND RELATED DISORDERS
213,MBD004,OTHER SPECIFIED AND UNSPECIFIED MOOD DISORDERS
214,MBD005,ANXIETY AND FEAR-RELATED DISORDERS
215,MBD006,OBSESSIVE-COMPULSIVE AND RELATED DISORDERS
216,MBD007,TRAUMA- AND STRESSOR-RELATED DISORDERS
217,MBD008,"DISRUPTIVE, IMPULSE-CONTROL AND CONDUCT DISORDERS"
218,MBD009,PERSONALITY DISORDERS
219,MBD010,FEEDING AND EATING DISORDERS
220,MBD011,SOMATIC DISORDERS
221,MBD012,SUICIDAL IDEATION/ATTEMPT/INTENTIONAL SELF-HARM
222,MBD013,MISCELLANEOUS MENTAL AND BEHAVIORAL DISORDERS/CONDITIONS
223,MBD014,NEURODEVELOPMENTAL DISORDERS
224,MBD017,ALCOHOL-RELATED DISORDERS
225,MBD018,OPIOID-RELATED DISORDERS
226,MBD019,CANNABIS-RELATED DISORDERS
227,MBD020,SEDATIVE-RELATED DISORDERS
228,MBD021,STIMULANT-RELATED DISORDERS
229,MBD022,HALLUCINOGEN-RELATED DISORDERS
230,MBD023,INHALANT-RELATED DISORDERS
231,MBD025,OTHER SPECIFIED SUBSTANCE-RELATED DISORDERS
232,MBD026,MENTAL AND SUBSTANCE USE DISORDERS IN REMISSION
233,MUS001,INFECTIVE ARTHRITIS
234,MUS002,OSTEOMYELITIS
235,MUS003,RHEUMATOID ARTHRITIS AND RELATED DISEASE
236,MUS004,JUVENILE ARTHRITIS
237,MUS006,OSTEOARTHRITIS
238,MUS007,OTHER SPECIFIED JOINT DISORDERS
239,MUS008,IMMUNE-MEDIATED/REACTIVE ARTHROPATHIES
240,MUS009,TENDON AND SYNOVIAL DISORDERS
241,MUS010,"MUSCULOSKELETAL PAIN, NOT LOW BACK PAIN"
242,MUS011,SPONDYLOPATHIES/SPONDYLOARTHROPATHY (INCLUDING INFECTIVE)
243,MUS012,BIOMECHANICAL LESIONS
244,MUS013,OSTEOPOROSIS
245,MUS014,"PATHOLOGICAL FRACTURE, INITIAL ENCOUNTER"
246,MUS015,"PATHOLOGICAL FRACTURE, SUBSEQUENT ENCOUNTER"
247,MUS016,"STRESS FRACTURE, INITIAL ENCOUNTER"
248,MUS017,"STRESS FRACTURE, SUBSEQUENT ENCOUNTER"
249,MUS018,"ATYPICAL FRACTURE, INITIAL ENCOUNTER"
250,MUS020,"PATHOLOGICAL, STRESS AND ATYPICAL FRACTURES, SEQUELA"
251,MUS021,ACQUIRED FOOT DEFORMITIES
252,MUS022,SCOLIOSIS AND OTHER POSTURAL DORSOPATHIC DEFORMITIES
253,MUS023,ACQUIRED DEFORMITIES (EXCLUDING FOOT)
254,MUS024,SYSTEMIC LUPUS ERYTHEMATOSUS AND CONNECTIVE TISSUE DISORDERS
255,MUS025,OTHER SPECIFIED CONNECTIVE TISSUE DISEASE
256,MUS026,MUSCLE DISORDERS
257,MUS027,MUSCULOSKELETAL ABSCESS
258,MUS028,OTHER SPECIFIED BONE DISEASE AND MUSCULOSKELETAL DEFORMITIES
259,MUS029,DISORDERS OF JAW
260,MUS030,ASEPTIC NECROSIS AND OSTEONECROSIS
261,MUS031,TRAUMATIC ARTHROPATHY
262,MUS032,NEUROGENIC/NEUROPATHIC ARTHROPATHY
263,MUS033,GOUT
264,MUS034,CRYSTAL ARTHROPATHIES (EXCLUDING GOUT)
265,MUS036,AUTOINFLAMMATORY SYNDROMES
266,MUS037,POSTPROCEDURAL OR POSTOPERATIVE MUSCULOSKELETAL SYSTEM COMPLICATION
267,MUS038,LOW BACK PAIN
268,NEO001,HEAD AND NECK CANCERS - EYE
269,NEO002,HEAD AND NECK CANCERS - LIP AND ORAL CAVITY
270,NEO003,HEAD AND NECK CANCERS - THROAT
271,NEO004,HEAD AND NECK CANCERS - SALIVARY GLAND
272,NEO005,HEAD AND NECK CANCERS - NASOPHARYNGEAL
273,NEO006,HEAD AND NECK CANCERS - HYPOPHARYNGEAL
274,NEO007,HEAD AND NECK CANCERS - PHARYNGEAL
275,NEO008,HEAD AND NECK CANCERS - LARYNGEAL
276,NEO009,HEAD AND NECK CANCERS - TONSILS
277,NEO010,HEAD AND NECK CANCERS - ALL OTHER TYPES
278,NEO011,CARDIAC CANCERS
279,NEO012,GASTROINTESTINAL CANCERS - ESOPHAGUS
280,NEO013,GASTROINTESTINAL CANCERS - STOMACH
281,NEO014,GASTROINTESTINAL CANCERS - SMALL INTESTINE
282,NEO015,GASTROINTESTINAL CANCERS - COLORECTAL
283,NEO016,GASTROINTESTINAL CANCERS - ANUS
284,NEO017,GASTROINTESTINAL CANCERS - LIVER
285,NEO018,GASTROINTESTINAL CANCERS - BILE DUCT
286,NEO019,GASTROINTESTINAL CANCERS - GALLBLADDER
287,NEO020,GASTROINTESTINAL CANCERS - PERITONEUM
288,NEO021,GASTROINTESTINAL CANCERS - ALL OTHER TYPES
289,NEO022,RESPIRATORY CANCERS
290,NEO023,BONE CANCER
291,NEO024,SARCOMA
292,NEO025,SKIN CANCERS - MELANOMA
293,NEO026,SKIN CANCERS - BASAL CELL CARCINOMA
294,NEO027,SKIN CANCERS - SQUAMOUS CELL CARCINOMA
295,NEO028,SKIN CANCERS - ALL OTHER TYPES
296,NEO029,BREAST CANCER - DUCTAL CARCINOMA IN SITU (DCIS)
297,NEO030,BREAST CANCER - ALL OTHER TYPES
298,NEO031,FEMALE REPRODUCTIVE SYSTEM CANCERS - UTERUS
299,NEO032,FEMALE REPRODUCTIVE SYSTEM CANCERS - CERVIX
300,NEO033,FEMALE REPRODUCTIVE SYSTEM CANCERS - OVARY
301,NEO034,FEMALE REPRODUCTIVE SYSTEM CANCERS - FALLOPIAN TUBE
302,NEO035,FEMALE REPRODUCTIVE SYSTEM CANCERS - ENDOMETRIUM
303,NEO036,FEMALE REPRODUCTIVE SYSTEM CANCERS - VULVA
304,NEO038,FEMALE REPRODUCTIVE SYSTEM CANCERS - ALL OTHER TYPES
305,NEO039,MALE REPRODUCTIVE SYSTEM CANCERS - PROSTATE
306,NEO040,MALE REPRODUCTIVE SYSTEM CANCERS - TESTIS
307,NEO041,MALE REPRODUCTIVE SYSTEM CANCERS - PENIS
308,NEO043,URINARY SYSTEM CANCERS - BLADDER
309,NEO044,URINARY SYSTEM CANCERS - URETER AND RENAL PELVIS
310,NEO045,URINARY SYSTEM CANCERS - KIDNEY
311,NEO046,URINARY SYSTEM CANCERS - URETHRA
312,NEO047,URINARY SYSTEM CANCERS - ALL OTHER TYPES
313,NEO048,NERVOUS SYSTEM CANCERS - BRAIN
314,NEO049,NERVOUS SYSTEM CANCERS - ALL OTHER TYPES
315,NEO050,ENDOCRINE SYSTEM CANCERS - THYROID
316,NEO051,ENDOCRINE SYSTEM CANCERS - PANCREAS
317,NEO052,ENDOCRINE SYSTEM CANCERS - THYMUS
318,NEO053,ENDOCRINE SYSTEM CANCERS - ADRENOCORTICAL
319,NEO056,ENDOCRINE SYSTEM CANCERS - ALL OTHER TYPES
320,NEO057,HODGKIN LYMPHOMA
321,NEO058,NON-HODGKIN LYMPHOMA
322,NEO059,LEUKEMIA - ACUTE LYMPHOBLASTIC LEUKEMIA (ALL)
323,NEO060,LEUKEMIA - ACUTE MYELOID LEUKEMIA (AML)
324,NEO061,LEUKEMIA - CHRONIC LYMPHOCYTIC LEUKEMIA (CLL)
325,NEO062,LEUKEMIA - CHRONIC MYELOID LEUKEMIA (CML)
326,NEO063,LEUKEMIA - HAIRY CELL
327,NEO064,LEUKEMIA - ALL OTHER TYPES
328,NEO065,MULTIPLE MYELOMA
329,NEO066,MALIGNANT NEUROENDOCRINE TUMORS
330,NEO067,MESOTHELIOMA
331,NEO068,MYELODYSPLASTIC SYNDROME (MDS)
332,NEO069,CANCER OF OTHER SITES
333,NEO070,SECONDARY MALIGNANCIES
334,NEO071,"MALIGNANT NEOPLASM, UNSPECIFIED"
335,NEO072,NEOPLASMS OF UNSPECIFIED NATURE OR UNCERTAIN BEHAVIOR
336,NEO073,BENIGN NEOPLASMS
337,NEO074,CONDITIONS DUE TO NEOPLASM OR THE TREATMENT OF NEOPLASM
338,NEO075,LEUKEMIA IN REMISSION
339,NVS001,MENINGITIS
340,NVS002,ENCEPHALITIS
341,NVS003,OTHER SPECIFIED CNS INFECTION AND POLIOMYELITIS
342,NVS004,PARKINSON`S DISEASE
343,NVS005,MULTIPLE SCLEROSIS
344,NVS006,OTHER NERVOUS SYSTEM DISORDERS (OFTEN HEREDITARY OR DEGENERATIVE)
345,NVS007,CEREBRAL PALSY
346,NVS008,PARALYSIS (OTHER THAN CEREBRAL PALSY)
347,NVS009,EPILEPSY; CONVULSIONS
348,NVS010,HEADACHE; INCLUDING MIGRAINE
349,NVS011,NEUROCOGNITIVE DISORDERS
350,NVS012,TRANSIENT CEREBRAL ISCHEMIA
351,NVS013,COMA; STUPOR; AND BRAIN DAMAGE
352,NVS014,CNS ABSCESS
353,NVS015,POLYNEUROPATHIES
354,NVS016,SLEEP WAKE DISORDERS
355,NVS017,NERVE AND NERVE ROOT DISORDERS
356,NVS018,MYOPATHIES
357,NVS019,NERVOUS SYSTEM PAIN AND PAIN SYNDROMES
358,NVS020,OTHER NERVOUS SYSTEM DISORDERS (NEITHER HEREDITARY NOR DEGENERATIVE)
359,NVS021,POSTPROCEDURAL OR POSTOPERATIVE NERVOUS SYSTEM COMPLICATION
360,PNL001,LIVEBORN
361,PNL002,SHORT GESTATION; LOW BIRTH WEIGHT; AND FETAL GROWTH RETARDATION
362,PNL004,NEONATAL CEREBRAL DISORDERS
363,PNL005,RESPIRATORY DISTRESS SYNDROME
364,PNL006,RESPIRATORY PERINATAL CONDITION
365,PNL007,HEMOLYTIC JAUNDICE AND PERINATAL JAUNDICE
366,PNL008,BIRTH TRAUMA
367,PNL009,PERINATAL INFECTIONS
368,PNL010,NEWBORN AFFECTED BY MATERNAL CONDITIONS OR COMPLICATIONS OF LABOR/DELIVERY
369,PNL011,HEMORRHAGIC AND HEMATOLOGIC DISORDERS OF NEWBORN
370,PNL012,NEONATAL DIGESTIVE AND FEEDING DISORDERS
371,PNL013,OTHER SPECIFIED AND UNSPECIFIED PERINATAL CONDITIONS
372,PNL014,NEONATAL ABSTINENCE SYNDROME
373,PNL015,FETAL ALCOHOL SYNDROME
374,PRG009,"EARLY, FIRST OR UNSPECIFIED TRIMESTER HEMORRHAGE"
375,PRG010,HEMORRHAGE AFTER FIRST TRIMESTER
376,PRG011,EARLY OR THREATENED LABOR
377,PRG012,MULTIPLE GESTATION
378,PRG013,MATERNAL CARE RELATED TO FETAL CONDITIONS
379,PRG014,POLYHYDRAMNIOS AND OTHER PROBLEMS OF AMNIOTIC CAVITY
380,PRG015,OBSTETRIC HISTORY AFFECTING CARE IN PREGNANCY
381,PRG016,PREVIOUS C-SECTION
382,PRG017,MATERNAL CARE FOR ABNORMALITY OF PELVIC ORGANS
383,PRG018,MATERNAL CARE RELATED TO DISORDERS OF THE PLACENTA AND PLACENTAL IMPLANTATION
384,PRG019,DIABETES OR ABNORMAL GLUCOSE TOLERANCE COMPLICATING PREGNANCY; CHILDBIRTH; OR THE PUERPERIUM
385,PRG020,HYPERTENSION AND HYPERTENSIVE-RELATED CONDITIONS COMPLICATING PREGNANCY; CHILDBIRTH; AND THE PUERPERIUM
386,PRG021,MATERNAL INTRAUTERINE INFECTION
387,PRG022,PROLONGED PREGNANCY
388,PRG023,COMPLICATIONS SPECIFIED DURING CHILDBIRTH
389,PRG024,"MALPOSITION, DISPROPORTION OR OTHER LABOR COMPLICATIONS"
390,PRG025,ANESTHESIA COMPLICATIONS DURING PREGNANCY
391,PRG026,OB-RELATED TRAUMA TO PERINEUM AND VULVA
392,PRG027,COMPLICATIONS SPECIFIED DURING THE PUERPERIUM
393,PRG028,OTHER SPECIFIED COMPLICATIONS IN PREGNANCY
394,PRG029,"UNCOMPLICATED PREGNANCY, DELIVERY OR PUERPERIUM"
395,RSP001,SINUSITIS
396,RSP002,PNEUMONIA (EXCEPT THAT CAUSED BY TUBERCULOSIS)
397,RSP003,INFLUENZA
398,RSP004,ACUTE AND CHRONIC TONSILLITIS
399,RSP005,ACUTE BRONCHITIS
400,RSP006,OTHER SPECIFIED UPPER RESPIRATORY INFECTIONS
401,RSP007,OTHER SPECIFIED AND UNSPECIFIED UPPER RESPIRATORY DISEASE
402,RSP008,CHRONIC OBSTRUCTIVE PULMONARY DISEASE AND BRONCHIECTASIS
403,RSP009,ASTHMA
404,RSP010,ASPIRATION PNEUMONITIS
405,RSP011,"PLEURISY, PLEURAL EFFUSION AND PULMONARY COLLAPSE"
406,RSP012,RESPIRATORY FAILURE; INSUFFICIENCY; ARREST
407,RSP013,LUNG DISEASE DUE TO EXTERNAL AGENTS
408,RSP014,PNEUMOTHORAX
409,RSP015,MEDIASTINAL DISORDERS
410,RSP016,OTHER SPECIFIED AND UNSPECIFIED LOWER RESPIRATORY DISEASE
411,RSP017,POSTPROCEDURAL OR POSTOPERATIVE RESPIRATORY SYSTEM COMPLICATION
412,SKN001,SKIN AND SUBCUTANEOUS TISSUE INFECTIONS
413,SKN002,OTHER SPECIFIED INFLAMMATORY CONDITION OF SKIN
414,SKN003,PRESSURE ULCER OF SKIN
415,SKN004,NON-PRESSURE ULCER OF SKIN
416,SKN005,CONTACT DERMATITIS
417,SKN006,POSTPROCEDURAL OR POSTOPERATIVE SKIN COMPLICATION
418,SKN007,OTHER SPECIFIED AND UNSPECIFIED SKIN DISORDERS
419,SYM001,SYNCOPE
420,SYM002,FEVER
421,SYM003,SHOCK
422,SYM004,NAUSEA AND VOMITING
423,SYM005,DYSPHAGIA
424,SYM006,ABDOMINAL PAIN AND OTHER DIGESTIVE/ABDOMEN SIGNS AND SYMPTOMS
425,SYM007,MALAISE AND FATIGUE
426,SYM008,SYMPTOMS OF MENTAL AND SUBSTANCE USE CONDITIONS
427,SYM010,NERVOUS SYSTEM SIGNS AND SYMPTOMS
428,SYM011,GENITOURINARY SIGNS AND SYMPTOMS
429,SYM012,CIRCULATORY SIGNS AND SYMPTOMS
430,SYM013,RESPIRATORY SIGNS AND SYMPTOMS
431,SYM014,SKIN/SUBCUTANEOUS SIGNS AND SYMPTOMS
432,SYM015,GENERAL SENSATION/PERCEPTION SIGNS AND SYMPTOMS
433,SYM016,OTHER GENERAL SIGNS AND SYMPTOMS
434,SYM017,ABNORMAL FINDINGS WITHOUT DIAGNOSIS
435,XXX000,UNACCEPTABLE PDX
