apr_drg_description,apr_mdc_description,discharge_count,total_charges,total_costs,avg_cost_per_discharge,cost_rank,pct_of_total_cost,cumulative_pct_of_total_cost
SEPTICEMIA AND DISSEMINATED INFECTIONS,"INFECTIOUS AND PARASITIC DISEASES, SYSTEMIC OR UNSPECIFIED SITES",11830,673910761.580001,220967975.7700016,18678.61,1,9.8,9.8
INFECTIOUS AND PARASITIC DISEASES INCLUDING HIV WITH O.R. PROCEDURE,"INFECTIOUS AND PARASITIC DISEASES, SYSTEMIC OR UNSPECIFIED SITES",1622,197379390.08000025,67194738.03999995,41427.09,2,3.0,12.7
HEART FAILURE,DISEASES AND DISORDERS OF THE CIRCULATORY SYSTEM,4566,175085406.84999987,63671495.56999976,13944.7,3,2.8,15.5
VAGINAL DELIVERY,"PREGNANCY, CHILDBIRTH AND THE PUERPERIUM",7240,115484504.65000004,53074031.28999998,7330.67,4,2.3,17.9
PERCUTANEOUS STRUCTURAL CARDIAC PROCEDURES,DISEASES AND DISORDERS OF THE CIRCULATORY SYSTEM,811,122635420.77000003,45043964.80000002,55541.26,5,2.0,19.9
RESPIRATORY FAILURE,DISEASES AND DISORDERS OF THE RESPIRATORY SYSTEM,2585,107482609.10000023,37102564.129999995,14353.02,6,1.6,21.5
CESAREAN SECTION WITHOUT STERILIZATION,"PREGNANCY, CHILDBIRTH AND THE PUERPERIUM",3397,92267976.2100001,37079049.11,10915.23,7,1.6,23.1
PERCUTANEOUS CARDIAC INTERVENTION WITHOUT AMI,DISEASES AND DISORDERS OF THE CIRCULATORY SYSTEM,1318,116111428.33999996,35284627.980000004,26771.34,8,1.6,24.7
MAJOR RESPIRATORY INFECTIONS AND INFLAMMATIONS,DISEASES AND DISORDERS OF THE RESPIRATORY SYSTEM,2176,94559511.21000008,32924881.060000006,15130.92,9,1.5,26.1
CORONARY BYPASS WITHOUT AMI OR COMPLEX PRINCIPAL DIAGNOSIS,DISEASES AND DISORDERS OF THE CIRCULATORY SYSTEM,526,87795552.75999995,32077135.340000026,60983.15,10,1.4,27.6
PERCUTANEOUS CARDIAC INTERVENTION WITH AMI,DISEASES AND DISORDERS OF THE CIRCULATORY SYSTEM,1405,116116755.95999995,30618032.830000006,21792.19,11,1.4,28.9
CVA AND PRECEREBRAL OCCLUSION WITH INFARCTION,DISEASES AND DISORDERS OF THE NERVOUS SYSTEM,2114,105577759.93000013,28997607.67999994,13716.94,12,1.3,30.2
TRACHEOSTOMY WITH MV >96 HOURS WITH EXTENSIVE PROCEDURE,DISEASES AND DISORDERS OF THE NERVOUS SYSTEM,140,88622429.02999997,27643261.07000001,197451.86,13,1.2,31.4
MAJOR LARGE BOWEL PROCEDURES,DISEASES AND DISORDERS OF THE DIGESTIVE SYSTEM,1206,75007207.85999995,27306257.70000001,22642.0,14,1.2,32.6
HIP AND FEMUR FRACTURE REPAIR,DISEASES AND DISORDERS OF THE MUSCULOSKELETAL SYSTEM AND CONN TISSUE,1239,79127717.76999992,26955380.79,21755.76,15,1.2,33.8
OTHER PNEUMONIA,DISEASES AND DISORDERS OF THE RESPIRATORY SYSTEM,2420,76625863.39999996,26540359.839999985,10967.09,16,1.2,35.0
"NEONATE BIRTH WEIGHT > 2499 GRAMS, NORMAL NEWBORN OR NEONATE WITH OTHER PROBLEM",NEWBORNS AND OTHER NEONATES WITH CONDTN ORIG IN PERINATAL PERIOD,10229,65487716.889999665,26229543.770000152,2564.23,17,1.2,36.1
OTHER DISORDERS OF NERVOUS SYSTEM,DISEASES AND DISORDERS OF THE NERVOUS SYSTEM,1329,62694905.92999997,25020841.58000001,18826.82,18,1.1,37.2
ACUTE KIDNEY INJURY,DISEASES AND DISORDERS OF THE KIDNEY AND URINARY TRACT,1817,71243282.53999999,23363928.529999968,12858.52,19,1.0,38.3
MAJOR SMALL BOWEL PROCEDURES,DISEASES AND DISORDERS OF THE DIGESTIVE SYSTEM,673,65028018.510000035,23037214.58,34230.63,20,1.0,39.3
MAJOR ABDOMINAL VASCULAR PROCEDURES,DISEASES AND DISORDERS OF THE CIRCULATORY SYSTEM,652,61819375.89999998,22662161.5,34757.92,21,1.0,40.3
SCHIZOPHRENIA,MENTAL DISEASES AND DISORDERS,1352,55784818.849999994,22334836.820000015,16519.85,22,1.0,41.3
NON-ELECTIVE OR COMPLEX HIP JOINT REPLACEMENT,DISEASES AND DISORDERS OF THE MUSCULOSKELETAL SYSTEM AND CONN TISSUE,855,64488340.630000114,22263959.150000002,26039.72,23,1.0,42.3
CARDIAC CATHETERIZATION FOR OTHER NON-CORONARY CONDITIONS,DISEASES AND DISORDERS OF THE CIRCULATORY SYSTEM,1121,72026905.22000007,21988410.379999995,19615.0,24,1.0,43.2
KIDNEY AND URINARY TRACT INFECTIONS,DISEASES AND DISORDERS OF THE KIDNEY AND URINARY TRACT,2075,63041013.86999993,20660156.899999984,9956.7,25,0.9,44.1
CARDIAC ARRHYTHMIA AND CONDUCTION DISORDERS,DISEASES AND DISORDERS OF THE CIRCULATORY SYSTEM,2105,58460504.12999998,20517216.659999974,9746.9,26,0.9,45.0
LOWER EXTREMITY ARTERIAL PROCEDURES,DISEASES AND DISORDERS OF THE CIRCULATORY SYSTEM,655,54826536.05999997,20184870.269999992,30816.6,27,0.9,45.9
CORONARY BYPASS WITH AMI OR COMPLEX PRINCIPAL DIAGNOSIS,DISEASES AND DISORDERS OF THE CIRCULATORY SYSTEM,274,60655958.27999999,20127428.519999996,73457.77,28,0.9,46.8
OPEN CRANIOTOMY EXCEPT TRAUMA,DISEASES AND DISORDERS OF THE NERVOUS SYSTEM,496,63230849.089999996,20102728.03,40529.69,29,0.9,47.7
CHRONIC OBSTRUCTIVE PULMONARY DISEASE,DISEASES AND DISORDERS OF THE RESPIRATORY SYSTEM,1739,57185882.45999999,19818413.29999996,11396.44,30,0.9,48.6
"MALFUNCTION, REACTION, COMPLICATION OF GENITOURINARY DEVICE OR PROCEDURE",DISEASES AND DISORDERS OF THE KIDNEY AND URINARY TRACT,1252,57056669.83999999,19595263.969999995,15651.17,31,0.9,49.4
CARDIAC VALVE PROCEDURES WITHOUT AMI OR COMPLEX PRINCIPAL DIAGNOSIS,DISEASES AND DISORDERS OF THE CIRCULATORY SYSTEM,265,56240321.349999994,19123740.259999998,72165.06,32,0.8,50.3
ACUTE MYOCARDIAL INFARCTION,DISEASES AND DISORDERS OF THE CIRCULATORY SYSTEM,1487,60745611.11000002,17837600.68000001,11995.7,33,0.8,51.1
BIPOLAR DISORDERS,MENTAL DISEASES AND DISORDERS,1529,44147596.17000005,16724758.05000003,10938.36,34,0.7,51.8
TRACHEOSTOMY WITH MV >96 HOURS WITHOUT EXTENSIVE PROCEDURE,"INFECTIOUS AND PARASITIC DISEASES, SYSTEMIC OR UNSPECIFIED SITES",109,47837236.37999999,16493093.999999998,151312.79,35,0.7,52.5
DORSAL AND LUMBAR FUSION PROCEDURE EXCEPT FOR CURVATURE OF BACK,DISEASES AND DISORDERS OF THE MUSCULOSKELETAL SYSTEM AND CONN TISSUE,565,44000901.04,16436808.769999985,29091.7,36,0.7,53.3
MAJOR DEPRESSIVE DISORDERS AND OTHER OR UNSPECIFIED PSYCHOSES,MENTAL DISEASES AND DISORDERS,1595,43562111.88999998,16342961.57,10246.37,37,0.7,54.0
OTHER AFTERCARE AND CONVALESCENCE,REHABILITATION AFTERCARE OTHER FACTORS INFLUENCING HEALTH STATUS AND OTHER HEALTH SERVICE CONTACTS,966,36129024.559999965,16023400.149999984,16587.37,38,0.7,54.7
CHOLECYSTECTOMY,DISEASES AND DISORDERS OF THE HEPATOBILIARY SYSTEM AND PANCREAS,948,47541416.81999998,15479030.310000021,16328.09,39,0.7,55.4
"SIGNS, SYMPTOMS AND OTHER FACTORS INFLUENCING HEALTH STATUS",REHABILITATION AFTERCARE OTHER FACTORS INFLUENCING HEALTH STATUS AND OTHER HEALTH SERVICE CONTACTS,1013,38386029.82000002,15478278.02999999,15279.64,40,0.7,56.1
DIABETES,ENDOCRINE NUTRITIONAL AND METABOLIC DISEASES AND DISORDERS,1372,42416272.06,14912397.939999998,10869.09,41,0.7,56.7
OTHER PERIPHERAL VASCULAR AND RELATED PROCEDURES,DISEASES AND DISORDERS OF THE CIRCULATORY SYSTEM,479,41510669.73000002,14868465.650000004,31040.64,42,0.7,57.4
"PERMANENT CARDIAC PACEMAKER IMPLANT WITHOUT AMI, HEART FAILURE OR SHOCK",DISEASES AND DISORDERS OF THE CIRCULATORY SYSTEM,602,43045434.75999998,14667597.499999998,24364.78,43,0.6,58.0
CELLULITIS AND OTHER SKIN INFECTIONS,DISEASES AND DISORDERS OF THE SKIN SUBCUTANEOUS TISSUE AND BREAST,1563,42933824.13999995,14635773.71999998,9363.9,44,0.6,58.7
KNEE AND LOWER LEG PROCEDURES EXCEPT FOOT,DISEASES AND DISORDERS OF THE MUSCULOSKELETAL SYSTEM AND CONN TISSUE,631,39587523.10000001,14581866.6,23109.14,45,0.6,59.3
OTHER RESPIRATORY AND CHEST PROCEDURES,DISEASES AND DISORDERS OF THE RESPIRATORY SYSTEM,591,41518766.070000015,14205386.809999999,24036.19,46,0.6,59.9
ALCOHOL ABUSE AND DEPENDENCE,ALCOHOL/DRUG USE AND ALCOHOL/DRUG INDUCED ORGANIC MENTAL DISORDERS,1616,39614258.43000004,13808504.710000012,8544.87,47,0.6,60.6
OTHER DIGESTIVE SYSTEM DIAGNOSES,DISEASES AND DISORDERS OF THE DIGESTIVE SYSTEM,1171,41623668.83999999,13764788.259999994,11754.73,48,0.6,61.2
PERCUTANEOUS INTRACRANIAL AND EXTRACRANIAL VASCULAR PROCEDURES,DISEASES AND DISORDERS OF THE NERVOUS SYSTEM,431,39193364.27,13656267.030000005,31685.07,49,0.6,61.8
MUSCULOSKELETAL AND OTHER PROCEDURES FOR MULTIPLE SIGNIFICANT TRAUMA,MULTIPLE SIGNIFICANT TRAUMA,295,41184396.680000015,13553234.330000002,45943.17,50,0.6,62.4
RESPIRATORY SYSTEM DIAGNOSIS WITH VENTILATOR SUPPORT > 96 HOURS,DISEASES AND DISORDERS OF THE RESPIRATORY SYSTEM,207,33997859.559999995,13286894.26,64187.89,51,0.6,62.9
PULMONARY EMBOLISM,DISEASES AND DISORDERS OF THE RESPIRATORY SYSTEM,960,41092796.26,12934048.869999986,13472.97,52,0.6,63.5
AMPUTATION OF LOWER LIMB EXCEPT TOES,DISEASES AND DISORDERS OF THE MUSCULOSKELETAL SYSTEM AND CONN TISSUE,436,34181411.72000001,12558172.750000007,28803.15,53,0.6,64.1
REHABILITATION,REHABILITATION AFTERCARE OTHER FACTORS INFLUENCING HEALTH STATUS AND OTHER HEALTH SERVICE CONTACTS,568,24019025.94999999,12147480.490000013,21386.41,54,0.5,64.6
EXTENSIVE O.R. PROCEDURE UNRELATED TO PRINCIPAL DIAGNOSIS,DISEASES AND DISORDERS OF THE RESPIRATORY SYSTEM,292,33614806.20999999,11421760.439999998,39115.62,55,0.5,65.1
OTHER AND UNSPECIFIED GASTROINTESTINAL HEMORRHAGE,DISEASES AND DISORDERS OF THE DIGESTIVE SYSTEM,802,32645533.80999998,11118228.440000007,13863.13,56,0.5,65.6
"MAJOR STOMACH, ESOPHAGEAL AND DUODENAL PROCEDURES",DISEASES AND DISORDERS OF THE DIGESTIVE SYSTEM,375,31711808.759999998,10655940.819999997,28415.84,57,0.5,66.1
DISORDERS OF PANCREAS EXCEPT MALIGNANCY,DISEASES AND DISORDERS OF THE HEPATOBILIARY SYSTEM AND PANCREAS,1037,32937253.95999998,10468874.540000012,10095.35,58,0.5,66.5
PEPTIC ULCER AND GASTRITIS,DISEASES AND DISORDERS OF THE DIGESTIVE SYSTEM,772,33186628.189999983,10414923.849999992,13490.83,59,0.5,67.0
ALTERATION IN CONSCIOUSNESS,DISEASES AND DISORDERS OF THE NERVOUS SYSTEM,747,33825304.96999998,10301546.290000001,13790.56,60,0.5,67.4
MODERATELY EXTENSIVE O.R. PROCEDURE UNRELATED TO PRINCIPAL DIAGNOSIS,DISEASES AND DISORDERS OF THE RESPIRATORY SYSTEM,349,31047565.059999995,10124631.77,29010.41,61,0.4,67.9
OTHER CARDIOTHORACIC AND THORACIC VASCULAR PROCEDURES,DISEASES AND DISORDERS OF THE CIRCULATORY SYSTEM,162,26859530.77,9978461.3,61595.44,62,0.4,68.3
INTESTINAL OBSTRUCTION,DISEASES AND DISORDERS OF THE DIGESTIVE SYSTEM,1169,30422106.79,9899072.989999995,8467.98,63,0.4,68.8
DEGENERATIVE NERVOUS SYSTEM DISORDERS EXCEPT MULTIPLE SCLEROSIS,DISEASES AND DISORDERS OF THE NERVOUS SYSTEM,538,25979753.07999999,9753211.330000008,18128.65,64,0.4,69.2
ALCOHOL AND DRUG DEPENDENCE WITH REHABILITATION AND/OR DETOXIFICATION THERAPY,ALCOHOL/DRUG USE AND ALCOHOL/DRUG INDUCED ORGANIC MENTAL DISORDERS,626,22066812.100000005,9698737.43,15493.19,65,0.4,69.6
SEIZURE,DISEASES AND DISORDERS OF THE NERVOUS SYSTEM,988,33470107.219999943,9668515.150000002,9785.95,66,0.4,70.1
"OTHER BACK AND NECK DISORDERS, FRACTURES AND INJURIES",DISEASES AND DISORDERS OF THE MUSCULOSKELETAL SYSTEM AND CONN TISSUE,887,32240401.180000007,9606018.739999995,10829.78,67,0.4,70.5
OTHER MUSCULOSKELETAL SYSTEM AND CONNECTIVE TISSUE DIAGNOSES,DISEASES AND DISORDERS OF THE MUSCULOSKELETAL SYSTEM AND CONN TISSUE,882,28488362.380000006,9389894.029999997,10646.14,68,0.4,70.9
DIVERTICULITIS AND DIVERTICULOSIS,DISEASES AND DISORDERS OF THE DIGESTIVE SYSTEM,991,29883625.099999987,9357466.820000006,9442.45,69,0.4,71.3
SPINAL FUSION AND OTHER BACK AND NECK PROCEDURES EXCEPT FOR DISC PROCEDURES,DISEASES AND DISORDERS OF THE MUSCULOSKELETAL SYSTEM AND CONN TISSUE,354,24414309.519999996,9105547.799999999,25721.89,70,0.4,71.7
ELECTIVE KNEE JOINT REPLACEMENT,DISEASES AND DISORDERS OF THE MUSCULOSKELETAL SYSTEM AND CONN TISSUE,540,24796042.139999993,9100080.609999996,16852.0,71,0.4,72.1
"POST-OPERATIVE, POST-TRAUMATIC, OTHER DEVICE INFECTIONS","INFECTIOUS AND PARASITIC DISEASES, SYSTEMIC OR UNSPECIFIED SITES",572,28077109.40000002,9044566.900000008,15812.18,72,0.4,72.5
DEFIBRILLATOR IMPLANTS,DISEASES AND DISORDERS OF THE CIRCULATORY SYSTEM,164,29024075.51999999,8900222.079999996,54269.65,73,0.4,72.9
"POST-OPERATIVE, POST-TRAUMA, OTHER DEVICE INFECTIONS WITH O.R. PROCEDURE","INFECTIOUS AND PARASITIC DISEASES, SYSTEMIC OR UNSPECIFIED SITES",290,26695138.45,8892281.57,30663.04,74,0.4,73.3
DISORDERS OF GALLBLADDER AND BILIARY TRACT,DISEASES AND DISORDERS OF THE HEPATOBILIARY SYSTEM AND PANCREAS,639,28768222.620000035,8649443.799999995,13535.91,75,0.4,73.7
NON-ELECTIVE OR COMPLEX KNEE JOINT REPLACEMENT,DISEASES AND DISORDERS OF THE MUSCULOSKELETAL SYSTEM AND CONN TISSUE,313,25072459.150000013,8607742.01,27500.77,76,0.4,74.1
OPEN EXTRACRANIAL VASCULAR PROCEDURES,DISEASES AND DISORDERS OF THE NERVOUS SYSTEM,591,25644148.160000023,8579518.949999994,14516.95,77,0.4,74.4
NON-HYPOVOLEMIC SODIUM DISORDERS,ENDOCRINE NUTRITIONAL AND METABOLIC DISEASES AND DISORDERS,759,23989424.409999996,8565833.309999999,11285.68,78,0.4,74.8
PROCEDURES FOR OBESITY,ENDOCRINE NUTRITIONAL AND METABOLIC DISEASES AND DISORDERS,600,25483309.839999985,8544354.88,14240.59,79,0.4,75.2
OTHER ANEMIA AND DISORDERS OF BLOOD AND BLOOD-FORMING ORGANS,DISEASES AND DISORDERS OF BLOOD BLOOD FORMING ORGANS AND IMMUNOLOG DISORD,722,25739144.67,8347519.659999998,11561.66,80,0.4,75.6
PERITONEAL ADHESIOLYSIS,DISEASES AND DISORDERS OF THE DIGESTIVE SYSTEM,379,22652086.580000006,8251028.399999998,21770.52,81,0.4,75.9
DEPRESSION EXCEPT MAJOR DEPRESSIVE DISORDER,MENTAL DISEASES AND DISORDERS,896,21189169.96999999,8001124.15,8929.83,82,0.4,76.3
FOOT AND TOE PROCEDURES,DISEASES AND DISORDERS OF THE MUSCULOSKELETAL SYSTEM AND CONN TISSUE,443,23050177.229999997,7877390.639999993,17781.92,83,0.3,76.6
ALCOHOLIC LIVER DISEASE,DISEASES AND DISORDERS OF THE HEPATOBILIARY SYSTEM AND PANCREAS,495,25413640.909999996,7826666.549999999,15811.45,84,0.3,77.0
ACUTE LEUKEMIA,"LYMPHATIC, HEMATOPOIETIC, OTHER MALIGNANCIES, CHEMOTHERAPY AND RADIOTHERAPY",111,25097083.96000001,7680533.419999999,69193.99,85,0.3,77.3
MAJOR RESPIRATORY AND CHEST PROCEDURES,DISEASES AND DISORDERS OF THE RESPIRATORY SYSTEM,310,22493091.62,7633037.689999999,24622.7,86,0.3,77.6
INTRACRANIAL HEMORRHAGE,DISEASES AND DISORDERS OF THE NERVOUS SYSTEM,409,27275605.970000006,7564051.809999999,18494.01,87,0.3,78.0
"OTHER GASTROENTERITIS, NAUSEA AND VOMITING",DISEASES AND DISORDERS OF THE DIGESTIVE SYSTEM,812,23141395.840000015,7200084.270000003,8867.1,88,0.3,78.3
ELECTIVE HIP JOINT REPLACEMENT,DISEASES AND DISORDERS OF THE MUSCULOSKELETAL SYSTEM AND CONN TISSUE,316,17949767.90999999,6734855.700000004,21312.83,89,0.3,78.6
COAGULATION AND PLATELET DISORDERS,DISEASES AND DISORDERS OF BLOOD BLOOD FORMING ORGANS AND IMMUNOLOG DISORD,182,19753117.950000003,6624163.839999996,36396.5,90,0.3,78.9
PERIPHERAL AND OTHER VASCULAR DISORDERS,DISEASES AND DISORDERS OF THE CIRCULATORY SYSTEM,563,21309091.699999996,6559241.09,11650.52,91,0.3,79.2
CESAREAN SECTION WITH STERILIZATION,"PREGNANCY, CHILDBIRTH AND THE PUERPERIUM",634,16356051.470000004,6548708.210000001,10329.19,92,0.3,79.5
RESPIRATORY MALIGNANCY,DISEASES AND DISORDERS OF THE RESPIRATORY SYSTEM,336,19674341.419999998,6349044.8500000015,18895.97,93,0.3,79.7
HEAD TRAUMA WITH COMA > 1 HOUR OR HEMORRHAGE,DISEASES AND DISORDERS OF THE NERVOUS SYSTEM,429,22812924.629999995,6100380.150000005,14220.0,94,0.3,80.0
OTHER CHEMOTHERAPY,"LYMPHATIC, HEMATOPOIETIC, OTHER MALIGNANCIES, CHEMOTHERAPY AND RADIOTHERAPY",390,17194726.430000007,5995251.680000002,15372.44,95,0.3,80.3
DIGESTIVE MALIGNANCY,DISEASES AND DISORDERS OF THE DIGESTIVE SYSTEM,328,17986246.87000001,5870278.1899999995,17897.19,96,0.3,80.5
"OTHER RESPIRATORY DIAGNOSES EXCEPT SIGNS, SYMPTOMS AND MISCELLANEOUS DIAGNOSES",DISEASES AND DISORDERS OF THE RESPIRATORY SYSTEM,468,17925629.000000007,5717429.880000001,12216.73,97,0.3,80.8
"OTHER SKIN, SUBCUTANEOUS TISSUE AND RELATED PROCEDURES",DISEASES AND DISORDERS OF THE SKIN SUBCUTANEOUS TISSUE AND BREAST,357,16853641.679999996,5696391.0299999975,15956.28,98,0.3,81.0
"MAJOR PANCREAS, LIVER AND SHUNT PROCEDURES",DISEASES AND DISORDERS OF THE HEPATOBILIARY SYSTEM AND PANCREAS,177,16610073.019999998,5655801.229999999,31953.68,99,0.2,81.3
"SHOULDER, UPPER ARM AND FOREARM PROCEDURES EXCEPT JOINT REPLACEMENT",DISEASES AND DISORDERS OF THE MUSCULOSKELETAL SYSTEM AND CONN TISSUE,282,16345665.989999996,5574385.280000002,19767.32,100,0.2,81.5
MAJOR HEMATOLOGIC OR IMMUNOLOGIC DIAGNOSES EXCEPT SICKLE CELL CRISIS AND COAGULATION,DISEASES AND DISORDERS OF BLOOD BLOOD FORMING ORGANS AND IMMUNOLOG DISORD,320,17306498.689999998,5567965.88,17399.89,101,0.2,81.8
MAJOR GASTROINTESTINAL AND PERITONEAL INFECTIONS,DISEASES AND DISORDERS OF THE DIGESTIVE SYSTEM,464,16854937.979999993,5557085.229999996,11976.48,102,0.2,82.0
MAJOR CHEST AND RESPIRATORY TRAUMA,DISEASES AND DISORDERS OF THE RESPIRATORY SYSTEM,477,18962210.43,5547512.229999997,11630.0,103,0.2,82.3
"OSTEOMYELITIS, SEPTIC ARTHRITIS AND OTHER MUSCULOSKELETAL INFECTIONS",DISEASES AND DISORDERS OF THE MUSCULOSKELETAL SYSTEM AND CONN TISSUE,386,16024868.429999996,5538791.789999998,14349.2,104,0.2,82.5
EXTRACORPOREAL MEMBRANE OXYGENATION (ECMO),DISEASES AND DISORDERS OF THE CIRCULATORY SYSTEM,32,19622167.02,5494524.85,171703.9,105,0.2,82.8
CARDIAC VALVE PROCEDURES WITH AMI OR COMPLEX PRINCIPAL DIAGNOSIS,DISEASES AND DISORDERS OF THE CIRCULATORY SYSTEM,55,16851006.410000004,5466392.300000001,99388.95,106,0.2,83.0
SYNCOPE AND COLLAPSE,DISEASES AND DISORDERS OF THE CIRCULATORY SYSTEM,565,17947655.339999992,5286113.860000003,9355.95,107,0.2,83.2
OTHER NON-HYPOVOLEMIC ELECTROLYTE DISORDERS,ENDOCRINE NUTRITIONAL AND METABOLIC DISEASES AND DISORDERS,482,16471236.419999998,5271129.510000002,10935.95,108,0.2,83.5
HYPERTENSION,DISEASES AND DISORDERS OF THE CIRCULATORY SYSTEM,481,16407814.639999986,5248819.550000001,10912.31,109,0.2,83.7
INTENTIONAL SELF-HARM AND ATTEMPTED SUICIDE,"POISONINGS, TOXIC EFFECTS OTHER INJURIES AND OTHER COMPLICATIONS OF TREATMENT",441,14886251.099999998,5247165.489999993,11898.33,110,0.2,83.9
"MALNUTRITION, FAILURE TO THRIVE AND OTHER NUTRITIONAL DISORDERS",ENDOCRINE NUTRITIONAL AND METABOLIC DISEASES AND DISORDERS,346,14593003.070000002,5191208.590000001,15003.49,111,0.2,84.2
OTHER DIGESTIVE SYSTEM AND ABDOMINAL PROCEDURES,DISEASES AND DISORDERS OF THE DIGESTIVE SYSTEM,186,16143995.620000008,4999212.900000002,26877.49,112,0.2,84.4
OTHER CIRCULATORY SYSTEM PROCEDURES,DISEASES AND DISORDERS OF THE CIRCULATORY SYSTEM,134,13425827.620000005,4843989.110000003,36149.17,113,0.2,84.6
OTHER COMPLICATIONS OF TREATMENT,"POISONINGS, TOXIC EFFECTS OTHER INJURIES AND OTHER COMPLICATIONS OF TREATMENT",321,14697618.670000007,4832823.900000001,15055.53,114,0.2,84.8
MALIGNANCY OF HEPATOBILIARY SYSTEM AND PANCREAS,DISEASES AND DISORDERS OF THE HEPATOBILIARY SYSTEM AND PANCREAS,285,15779625.650000008,4769177.869999998,16733.96,115,0.2,85.0
OTHER DISORDERS OF THE LIVER,DISEASES AND DISORDERS OF THE HEPATOBILIARY SYSTEM AND PANCREAS,385,15376513.450000007,4761938.560000002,12368.67,116,0.2,85.2
"FRACTURES AND DISLOCATIONS EXCEPT FEMUR, PELVIS AND BACK",DISEASES AND DISORDERS OF THE MUSCULOSKELETAL SYSTEM AND CONN TISSUE,482,14728985.830000008,4609530.629999998,9563.34,117,0.2,85.4
OTHER CIRCULATORY SYSTEM DIAGNOSES,DISEASES AND DISORDERS OF THE CIRCULATORY SYSTEM,390,14661429.080000013,4515576.089999999,11578.4,118,0.2,85.6
CHEMOTHERAPY FOR ACUTE LEUKEMIA,"LYMPHATIC, HEMATOPOIETIC, OTHER MALIGNANCIES, CHEMOTHERAPY AND RADIOTHERAPY",164,13451156.469999999,4477683.950000001,27302.95,119,0.2,85.8
MULTIPLE SIGNIFICANT TRAUMA WITHOUT O.R. PROCEDURE,MULTIPLE SIGNIFICANT TRAUMA,266,16737498.62000001,4405242.320000001,16561.06,120,0.2,86.0
NERVOUS SYSTEM MALIGNANCY,DISEASES AND DISORDERS OF THE NERVOUS SYSTEM,231,15187562.409999998,4369544.509999998,18915.78,121,0.2,86.2
NEONATE BIRTH WEIGHT 1000-1249 GRAMS WITH RESPIRATORY DISTRESS SYNDROME OR OTHER MAJOR RESPIRATORY CONDITION OR MAJOR ANOMALY,NEWBORNS AND OTHER NEONATES WITH CONDTN ORIG IN PERINATAL PERIOD,35,19779727.85,4264647.77,121847.08,122,0.2,86.4
URETHRAL AND TRANSURETHRAL PROCEDURES,DISEASES AND DISORDERS OF THE KIDNEY AND URINARY TRACT,312,13734969.940000001,4188820.930000003,13425.71,123,0.2,86.6
OTHER SIGNIFICANT HIP AND FEMUR SURGERY,DISEASES AND DISORDERS OF THE MUSCULOSKELETAL SYSTEM AND CONN TISSUE,142,11825613.75,4168122.62,29352.98,124,0.2,86.8
"LYMPHOMA, MYELOMA AND NON-ACUTE LEUKEMIA","LYMPHATIC, HEMATOPOIETIC, OTHER MALIGNANCIES, CHEMOTHERAPY AND RADIOTHERAPY",164,13682913.84,4070044.5599999987,24817.34,125,0.2,87.0
MODERATELY EXTENSIVE O.R. PROCEDURES FOR OTHER COMPLICATIONS OF TREATMENT,"POISONINGS, TOXIC EFFECTS OTHER INJURIES AND OTHER COMPLICATIONS OF TREATMENT",154,9106326.560000002,3959212.23,25709.17,126,0.2,87.1
HYPOVOLEMIA AND RELATED ELECTROLYTE DISORDERS,ENDOCRINE NUTRITIONAL AND METABOLIC DISEASES AND DISORDERS,459,12584740.21,3931545.95,8565.46,127,0.2,87.3
SHOULDER AND ELBOW JOINT REPLACEMENT,DISEASES AND DISORDERS OF THE MUSCULOSKELETAL SYSTEM AND CONN TISSUE,156,9925491.410000002,3795048.929999998,24327.24,128,0.2,87.5
SPINAL PROCEDURES,DISEASES AND DISORDERS OF THE NERVOUS SYSTEM,96,9189609.629999999,3785714.5799999996,39434.53,129,0.2,87.6
OTHER INFECTIOUS AND PARASITIC DISEASES,"INFECTIOUS AND PARASITIC DISEASES, SYSTEMIC OR UNSPECIFIED SITES",315,11843766.660000004,3697910.859999999,11739.4,130,0.2,87.8
NON-EXTENSIVE O.R. PROCEDURE UNRELATED TO PRINCIPAL DIAGNOSIS,DISEASES AND DISORDERS OF THE RESPIRATORY SYSTEM,154,11640202.780000003,3620898.96,23512.33,131,0.2,88.0
OTHER MUSCULOSKELETAL SYSTEM AND CONNECTIVE TISSUE PROCEDURES,DISEASES AND DISORDERS OF THE MUSCULOSKELETAL SYSTEM AND CONN TISSUE,187,10918878.550000004,3587490.5100000007,19184.44,132,0.2,88.1
INFLAMMATORY BOWEL DISEASE,DISEASES AND DISORDERS OF THE DIGESTIVE SYSTEM,329,11202524.730000002,3493433.8500000006,10618.34,133,0.2,88.3
SKIN ULCERS,DISEASES AND DISORDERS OF THE SKIN SUBCUTANEOUS TISSUE AND BREAST,264,10133871.639999997,3478964.030000001,13177.89,134,0.2,88.4
NEONATE BIRTH WEIGHT > 2499 GRAMS WITH RESPIRATORY DISTRESS SYNDROME OR OTHER MAJOR RESPIRATORY CONDITION,NEWBORNS AND OTHER NEONATES WITH CONDTN ORIG IN PERINATAL PERIOD,247,14155413.01,3469769.3399999994,14047.65,135,0.2,88.6
"MALFUNCTION, REACTION, COMPLICATION OF CARDIAC OR VASCULAR DEVICE OR PROCEDURE",DISEASES AND DISORDERS OF THE CIRCULATORY SYSTEM,205,10595861.719999999,3439977.030000001,16780.38,136,0.2,88.7
NEONATE BIRTH WEIGHT 750-999 GRAMS WITHOUT MAJOR PROCEDURE,NEWBORNS AND OTHER NEONATES WITH CONDTN ORIG IN PERINATAL PERIOD,23,16672664.009999998,3431328.47,149188.19,137,0.2,88.9
MUSCULOSKELETAL MALIGNANCY AND PATHOLOGICAL FRACTURE DUE TO MUSCULOSKELETAL MALIGNANCY,DISEASES AND DISORDERS OF THE MUSCULOSKELETAL SYSTEM AND CONN TISSUE,160,11581848.61,3428764.8,21429.78,138,0.2,89.0
INFECTIONS OF UPPER RESPIRATORY TRACT,"EAR, NOSE, MOUTH, THROAT AND CRANIOFACIAL DISEASES AND DISORDERS",443,10619212.040000005,3427467.980000001,7736.95,139,0.2,89.2
KIDNEY TRANSPLANT,DISEASES AND DISORDERS OF THE KIDNEY AND URINARY TRACT,34,6493504.75,3326152.59,97828.02,140,0.1,89.3
NEONATE BIRTH WEIGHT 1500-1999 GRAMS WITH OR WITHOUT OTHER SIGNIFICANT CONDITION,NEWBORNS AND OTHER NEONATES WITH CONDTN ORIG IN PERINATAL PERIOD,105,9850310.51,3286270.1099999994,31297.81,141,0.1,89.5
ANTEPARTUM WITHOUT O.R. PROCEDURE,"PREGNANCY, CHILDBIRTH AND THE PUERPERIUM",574,8772105.169999996,3265189.6800000006,5688.48,142,0.1,89.6
"TENDON, MUSCLE AND OTHER SOFT TISSUE PROCEDURES",DISEASES AND DISORDERS OF THE MUSCULOSKELETAL SYSTEM AND CONN TISSUE,164,8827024.100000001,3259535.8100000015,19875.22,143,0.1,89.8
"HERNIA PROCEDURES EXCEPT INGUINAL, FEMORAL AND UMBILICAL",DISEASES AND DISORDERS OF THE DIGESTIVE SYSTEM,202,8855426.559999997,3254128.639999999,16109.55,144,0.1,89.9
NEONATE BIRTH WEIGHT 1250-1499 GRAMS WITH RESPIRATORY DISTRESS SYNDROME OR OTHER MAJOR RESPIRATORY CONDITION OR MAJOR ANOMALY,NEWBORNS AND OTHER NEONATES WITH CONDTN ORIG IN PERINATAL PERIOD,41,13501974.14,3145139.29,76710.71,145,0.1,90.0
NEONATE BIRTH WEIGHT 1500-1999 GRAMS WITH RESPIRATORY DISTRESS SYNDROME OR OTHER MAJOR RESPIRATORY CONDITION,NEWBORNS AND OTHER NEONATES WITH CONDTN ORIG IN PERINATAL PERIOD,55,11339884.299999999,3123924.8500000006,56798.63,146,0.1,90.2
"MALFUNCTION, REACTION, COMPLICATION OF ORTHOPEDIC DEVICE OR PROCEDURE",DISEASES AND DISORDERS OF THE MUSCULOSKELETAL SYSTEM AND CONN TISSUE,217,8950167.949999996,3103809.66,14303.27,147,0.1,90.3
ACUTE ANXIETY AND DELIRIUM STATES,MENTAL DISEASES AND DISORDERS,331,7587450.619999998,3053363.320000001,9224.66,148,0.1,90.5
EXTENSIVE O.R. PROCEDURES FOR OTHER COMPLICATIONS OF TREATMENT,"POISONINGS, TOXIC EFFECTS OTHER INJURIES AND OTHER COMPLICATIONS OF TREATMENT",86,9958813.729999999,3010973.04,35011.31,149,0.1,90.6
EXTENSIVE ABDOMINAL OR THORACIC PROCEDURES FOR MULTIPLE SIGNIFICANT TRAUMA,MULTIPLE SIGNIFICANT TRAUMA,42,8898245.29,2998620.9400000004,71395.74,150,0.1,90.7
KIDNEY AND URINARY TRACT PROCEDURES FOR MALIGNANCY,DISEASES AND DISORDERS OF THE KIDNEY AND URINARY TRACT,185,8540669.5,2944727.3199999994,15917.44,151,0.1,90.9
POISONING OF MEDICINAL AGENTS,"POISONINGS, TOXIC EFFECTS OTHER INJURIES AND OTHER COMPLICATIONS OF TREATMENT",281,10393915.63,2916065.65,10377.46,152,0.1,91.0
"MALFUNCTION, REACTION AND COMPLICATION OF GASTROINTESTINAL DEVICE OR PROCEDURE",DISEASES AND DISORDERS OF THE DIGESTIVE SYSTEM,221,8675865.82,2911220.4100000006,13172.94,153,0.1,91.1
OPIOID ABUSE AND DEPENDENCE,ALCOHOL/DRUG USE AND ALCOHOL/DRUG INDUCED ORGANIC MENTAL DISORDERS,386,8293373.549999999,2892628.850000001,7493.86,154,0.1,91.2
"NEONATE BIRTH WEIGHT 2000-2499 GRAMS, NORMAL NEWBORN OR NEONATE WITH OTHER PROBLEM",NEWBORNS AND OTHER NEONATES WITH CONDTN ORIG IN PERINATAL PERIOD,454,8674647.510000005,2863479.5599999987,6307.22,155,0.1,91.4
KIDNEY AND URINARY TRACT PROCEDURES FOR NON-MALIGNANCY,DISEASES AND DISORDERS OF THE KIDNEY AND URINARY TRACT,178,8408011.96,2845742.8700000006,15987.32,156,0.1,91.5
SICKLE CELL ANEMIA CRISIS,DISEASES AND DISORDERS OF BLOOD BLOOD FORMING ORGANS AND IMMUNOLOG DISORD,266,8694787.78,2814803.670000002,10581.97,157,0.1,91.6
CONNECTIVE TISSUE DISORDERS,DISEASES AND DISORDERS OF THE MUSCULOSKELETAL SYSTEM AND CONN TISSUE,163,9512133.57,2794213.1199999996,17142.41,158,0.1,91.7
CARDIAC CATHETERIZATION FOR CORONARY ARTERY DISEASE,DISEASES AND DISORDERS OF THE CIRCULATORY SYSTEM,260,10323428.55,2761724.579999998,10622.02,159,0.1,91.9
MAJOR ESOPHAGEAL DISORDERS,DISEASES AND DISORDERS OF THE DIGESTIVE SYSTEM,172,8120712.539999999,2693455.7200000007,15659.63,160,0.1,92.0
SPINAL DISORDERS AND INJURIES,DISEASES AND DISORDERS OF THE NERVOUS SYSTEM,120,6663778.689999998,2689781.59,22414.85,161,0.1,92.1
BACTERIAL AND TUBERCULOUS INFECTIONS OF NERVOUS SYSTEM,DISEASES AND DISORDERS OF THE NERVOUS SYSTEM,104,8594103.800000003,2670830.6900000004,25681.06,162,0.1,92.2
ADJUSTMENT DISORDERS AND NEUROSES EXCEPT DEPRESSIVE DIAGNOSES,MENTAL DISEASES AND DISORDERS,344,7757355.9,2668653.5499999984,7757.71,163,0.1,92.3
OTHER ESOPHAGEAL DISORDERS,DISEASES AND DISORDERS OF THE DIGESTIVE SYSTEM,243,8341255.2600000035,2667389.1200000015,10976.91,164,0.1,92.5
VERTEBRAL AND INTERVERTEBRAL SPINAL PROCEDURES INCLUDING DISC PROCEDURES,DISEASES AND DISORDERS OF THE MUSCULOSKELETAL SYSTEM AND CONN TISSUE,125,7296011.010000002,2665082.95,21320.66,165,0.1,92.6
HIV WITH MULTIPLE MAJOR HIV RELATED CONDITIONS,HUMAN IMMUNODEFICIENCY VIRUS INFECTIONS,70,8154093.089999999,2570482.0900000003,36721.17,166,0.1,92.7
"MAJOR O.R. PROCEDURES FOR LYMPHATIC, HEMATOPOIETIC OR OTHER NEOPLASMS","LYMPHATIC, HEMATOPOIETIC, OTHER MALIGNANCIES, CHEMOTHERAPY AND RADIOTHERAPY",91,8093117.789999999,2568054.8900000006,28220.38,167,0.1,92.8
ASTHMA,DISEASES AND DISORDERS OF THE RESPIRATORY SYSTEM,420,8192395.329999992,2539044.8100000005,6045.34,168,0.1,92.9
"OTHER KIDNEY AND URINARY TRACT DIAGNOSES, SIGNS AND SYMPTOMS",DISEASES AND DISORDERS OF THE KIDNEY AND URINARY TRACT,238,7928083.710000001,2502060.809999998,10512.86,169,0.1,93.0
MAJOR BLADDER PROCEDURES,DISEASES AND DISORDERS OF THE KIDNEY AND URINARY TRACT,75,7024263.1899999995,2498530.87,33313.74,170,0.1,93.1
APPENDECTOMY WITH COMPLEX PRINCIPAL DIAGNOSIS,DISEASES AND DISORDERS OF THE DIGESTIVE SYSTEM,198,7420243.780000004,2477890.489999999,12514.6,171,0.1,93.2
URINARY STONES AND ACQUIRED UPPER URINARY TRACT OBSTRUCTION,DISEASES AND DISORDERS OF THE KIDNEY AND URINARY TRACT,308,7986794.180000003,2454826.7300000004,7970.22,172,0.1,93.3
OTHER PERCUTANEOUS INTRACRANIAL PROCEDURES,DISEASES AND DISORDERS OF THE NERVOUS SYSTEM,89,7215949.08,2444985.1300000004,27471.74,173,0.1,93.5
"OTHER EAR, NOSE, MOUTH, THROAT AND CRANIAL OR FACIAL DIAGNOSES","EAR, NOSE, MOUTH, THROAT AND CRANIOFACIAL DISEASES AND DISORDERS",234,8121418.809999997,2443560.0000000005,10442.56,174,0.1,93.6
VENTRICULAR SHUNT PROCEDURES,DISEASES AND DISORDERS OF THE NERVOUS SYSTEM,92,5941430.499999998,2428584.1300000004,26397.65,175,0.1,93.7
VAGINAL DELIVERY WITH O.R. PROCEDURE EXCEPT STERILIZATION AND/OR D&C,"PREGNANCY, CHILDBIRTH AND THE PUERPERIUM",245,5333358.640000001,2377775.080000001,9705.2,176,0.1,93.8
NEONATE BIRTH WEIGHT > 2499 GRAMS WITH OTHER SIGNIFICANT CONDITION,NEWBORNS AND OTHER NEONATES WITH CONDTN ORIG IN PERINATAL PERIOD,283,8592939.17,2368512.5800000005,8369.3,177,0.1,93.9
"OTHER O.R. PROCEDURES FOR LYMPHATIC, HEMATOPOIETIC OR OTHER NEOPLASMS","LYMPHATIC, HEMATOPOIETIC, OTHER MALIGNANCIES, CHEMOTHERAPY AND RADIOTHERAPY",77,8110164.559999999,2344662.9800000004,30450.17,178,0.1,94.0
"CONTUSION, OPEN WOUND AND OTHER TRAUMA TO SKIN AND SUBCUTANEOUS TISSUE",DISEASES AND DISORDERS OF THE SKIN SUBCUTANEOUS TISSUE AND BREAST,208,7839442.17,2316760.7200000007,11138.27,179,0.1,94.1
NEONATE BIRTH WEIGHT 2000-2499 GRAMS WITH RESPIRATORY DISTRESS SYNDROME OR OTHER MAJOR RESPIRATORY CONDITION,NEWBORNS AND OTHER NEONATES WITH CONDTN ORIG IN PERINATAL PERIOD,75,9315977.500000002,2298961.6099999994,30652.82,180,0.1,94.2
EXTERNAL HEART ASSIST SYSTEMS,DISEASES AND DISORDERS OF THE CIRCULATORY SYSTEM,28,7144993.33,2294414.6399999997,81943.38,181,0.1,94.3
"OTHER HEPATOBILIARY, PANCREAS AND ABDOMINAL PROCEDURES",DISEASES AND DISORDERS OF THE HEPATOBILIARY SYSTEM AND PANCREAS,86,7229592.410000002,2290759.5499999993,26636.74,182,0.1,94.4
MASTECTOMY PROCEDURES,DISEASES AND DISORDERS OF THE SKIN SUBCUTANEOUS TISSUE AND BREAST,108,6814835.73,2229551.79,20644.0,183,0.1,94.5
UTERINE AND ADNEXA PROCEDURES FOR NON-MALIGNANCY EXCEPT LEIOMYOMA,DISEASES AND DISORDERS OF THE FEMALE REPRODUCTIVE SYSTEM,178,6443240.2600000035,2209023.729999999,12410.25,184,0.1,94.6
"PROCEDURE WITH DIAGNOSIS OF REHABILITATION, AFTERCARE OR OTHER CONTACT WITH HEALTH SERVICES",REHABILITATION AFTERCARE OTHER FACTORS INFLUENCING HEALTH STATUS AND OTHER HEALTH SERVICE CONTACTS,66,5569299.870000001,2146429.57,32521.66,185,0.1,94.7
"PERIPHERAL, CRANIAL AND AUTONOMIC NERVE DISORDERS",DISEASES AND DISORDERS OF THE NERVOUS SYSTEM,199,7153340.849999998,2088843.6999999997,10496.7,186,0.1,94.8
"DRUG AND ALCOHOL ABUSE OR DEPENDENCE, LEFT AGAINST MEDICAL ADVICE",ALCOHOL/DRUG USE AND ALCOHOL/DRUG INDUCED ORGANIC MENTAL DISORDERS,408,6109835.459999998,2081264.5200000003,5101.14,187,0.1,94.9
CHRONIC KIDNEY DISEASE,DISEASES AND DISORDERS OF THE KIDNEY AND URINARY TRACT,155,6161223.049999999,2054433.7200000002,13254.41,188,0.1,95.0
TRANSIENT ISCHEMIA,DISEASES AND DISORDERS OF THE NERVOUS SYSTEM,233,6792421.590000001,2020796.209999999,8672.95,189,0.1,95.0
OPEN CRANIOTOMY FOR TRAUMA,DISEASES AND DISORDERS OF THE NERVOUS SYSTEM,50,6820320.229999999,1997491.1500000004,39949.82,190,0.1,95.1
FRACTURE OF PELVIS OR DISLOCATION OF HIP,DISEASES AND DISORDERS OF THE MUSCULOSKELETAL SYSTEM AND CONN TISSUE,186,6305186.73,1924203.5899999999,10345.18,191,0.1,95.2
FRACTURE OF FEMUR,DISEASES AND DISORDERS OF THE MUSCULOSKELETAL SYSTEM AND CONN TISSUE,217,6212403.839999995,1880955.7900000005,8668.0,192,0.1,95.3
OTHER SMALL AND LARGE BOWEL PROCEDURES,DISEASES AND DISORDERS OF THE DIGESTIVE SYSTEM,95,5004217.679999998,1861355.1700000002,19593.21,193,0.1,95.4
COCAINE ABUSE AND DEPENDENCE,ALCOHOL/DRUG USE AND ALCOHOL/DRUG INDUCED ORGANIC MENTAL DISORDERS,272,5249353.420000004,1839531.0700000008,6762.98,194,0.1,95.5
OTHER NERVOUS SYSTEM AND RELATED PROCEDURES,DISEASES AND DISORDERS OF THE NERVOUS SYSTEM,57,5318441.960000001,1829320.1399999997,32093.34,195,0.1,95.5
BEHAVIORAL DISORDERS,MENTAL DISEASES AND DISORDERS,130,4737604.680000001,1826169.1600000001,14047.46,196,0.1,95.6
NEONATE BIRTH WEIGHT < 1500 GRAMS WITH MAJOR PROCEDURE,NEWBORNS AND OTHER NEONATES WITH CONDTN ORIG IN PERINATAL PERIOD,10,8571011.030000001,1819185.51,181918.55,197,0.1,95.7
NON-BACTERIAL INFECTIONS OF NERVOUS SYSTEM EXCEPT VIRAL MENINGITIS,DISEASES AND DISORDERS OF THE NERVOUS SYSTEM,81,5230256.859999998,1808815.9799999995,22331.06,198,0.1,95.8
APPENDECTOMY WITHOUT COMPLEX PRINCIPAL DIAGNOSIS,DISEASES AND DISORDERS OF THE DIGESTIVE SYSTEM,173,5203193.76,1786199.179999999,10324.85,199,0.1,95.9
NEONATE BIRTH WEIGHT > 2499 GRAMS WITH MAJOR ANOMALY,NEWBORNS AND OTHER NEONATES WITH CONDTN ORIG IN PERINATAL PERIOD,143,7438486.2299999995,1775981.2199999995,12419.45,200,0.1,95.9
DORSAL AND LUMBAR FUSION PROCEDURE FOR CURVATURE OF BACK,DISEASES AND DISORDERS OF THE MUSCULOSKELETAL SYSTEM AND CONN TISSUE,34,3452863.38,1769033.79,52030.41,201,0.1,96.0
"OTHER EAR, NOSE, MOUTH, THROAT, CRANIOFACIAL, AND NECK PROCEDURES","EAR, NOSE, MOUTH, THROAT AND CRANIOFACIAL DISEASES AND DISORDERS",109,5229279.86,1766243.13,16204.07,202,0.1,96.1
CARDIAC ARREST AND SHOCK,DISEASES AND DISORDERS OF THE CIRCULATORY SYSTEM,104,6128979.9700000025,1714608.1399999994,16486.62,203,0.1,96.2
"INGUINAL, FEMORAL AND UMBILICAL HERNIA PROCEDURES",DISEASES AND DISORDERS OF THE DIGESTIVE SYSTEM,128,4794741.319999998,1689902.83,13202.37,204,0.1,96.2
TOXIC EFFECTS OF NON-MEDICINAL SUBSTANCES,"POISONINGS, TOXIC EFFECTS OTHER INJURIES AND OTHER COMPLICATIONS OF TREATMENT",108,5337719.550000002,1687425.0,15624.31,205,0.1,96.3
HEPATIC COMA AND OTHER MAJOR ACUTE LIVER DISORDERS,DISEASES AND DISORDERS OF THE HEPATOBILIARY SYSTEM AND PANCREAS,120,5601869.9,1671218.6400000001,13926.82,206,0.1,96.4
LYMPHATIC AND OTHER MALIGNANCIES AND NEOPLASMS OF UNCERTAIN BEHAVIOR,"LYMPHATIC, HEMATOPOIETIC, OTHER MALIGNANCIES, CHEMOTHERAPY AND RADIOTHERAPY",96,5601606.08,1654520.8199999998,17234.59,207,0.1,96.5
"MULTIPLE SCLEROSIS, OTHER DEMYELINATING DISEASE AND INFLAMMATORY NEUROPATHIES",DISEASES AND DISORDERS OF THE NERVOUS SYSTEM,103,5937441.430000002,1635677.9,15880.37,208,0.1,96.5
EYE INFECTIONS AND OTHER EYE DISORDERS,DISEASES AND DISORDERS OF THE EYE,180,6025387.769999999,1626636.0399999996,9036.87,209,0.1,96.6
"RESPIRATORY SIGNS, SYMPTOMS AND MISCELLANEOUS DIAGNOSES",DISEASES AND DISORDERS OF THE RESPIRATORY SYSTEM,146,5170850.6899999995,1603111.9000000008,10980.22,210,0.1,96.7
SKIN GRAFT FOR SKIN AND SUBCUTANEOUS TISSUE DIAGNOSES,DISEASES AND DISORDERS OF THE SKIN SUBCUTANEOUS TISSUE AND BREAST,56,3572400.4500000016,1580413.2800000003,28221.67,211,0.1,96.8
ANGINA PECTORIS AND CORONARY ATHEROSCLEROSIS,DISEASES AND DISORDERS OF THE CIRCULATORY SYSTEM,195,4973805.499999999,1559093.7700000007,7995.35,212,0.1,96.8
MAJOR CARDIOTHORACIC REPAIR OF HEART ANOMALY,DISEASES AND DISORDERS OF THE CIRCULATORY SYSTEM,29,5204946.260000001,1482086.71,51106.44,213,0.1,96.9
HAND AND WRIST PROCEDURES,DISEASES AND DISORDERS OF THE MUSCULOSKELETAL SYSTEM AND CONN TISSUE,124,4259244.63,1418586.0000000002,11440.21,214,0.1,96.9
CARDIAC STRUCTURAL AND VALVULAR DISORDERS,DISEASES AND DISORDERS OF THE CIRCULATORY SYSTEM,86,4022064.82,1401079.3599999999,16291.62,215,0.1,97.0
INTERSTITIAL AND ALVEOLAR LUNG DISEASES,DISEASES AND DISORDERS OF THE RESPIRATORY SYSTEM,73,4099196.7600000007,1397343.7500000002,19141.7,216,0.1,97.1
GASTROINTESTINAL VASCULAR INSUFFICIENCY,DISEASES AND DISORDERS OF THE DIGESTIVE SYSTEM,134,4568843.8199999975,1387293.6999999997,10352.94,217,0.1,97.1
BRONCHIOLITIS AND RSV PNEUMONIA,DISEASES AND DISORDERS OF THE RESPIRATORY SYSTEM,172,3882952.2900000005,1375145.44,7995.03,218,0.1,97.2
NEONATE BIRTH WEIGHT 2000-2499 GRAMS WITH OTHER SIGNIFICANT CONDITION,NEWBORNS AND OTHER NEONATES WITH CONDTN ORIG IN PERINATAL PERIOD,57,4539368.290000001,1368483.3400000003,24008.48,219,0.1,97.3
POSTPARTUM AND POST ABORTION DIAGNOSES WITHOUT PROCEDURE,"PREGNANCY, CHILDBIRTH AND THE PUERPERIUM",244,3869352.3499999996,1359079.7399999998,5570.0,220,0.1,97.3
MIGRAINE AND OTHER HEADACHES,DISEASES AND DISORDERS OF THE NERVOUS SYSTEM,168,5307647.319999999,1355866.3700000003,8070.63,221,0.1,97.4
"OTHER SKIN, SUBCUTANEOUS TISSUE AND BREAST DISORDERS",DISEASES AND DISORDERS OF THE SKIN SUBCUTANEOUS TISSUE AND BREAST,142,3867761.1800000006,1317562.4899999995,9278.61,222,0.1,97.4
"OTHER KIDNEY, URINARY TRACT AND RELATED PROCEDURES",DISEASES AND DISORDERS OF THE KIDNEY AND URINARY TRACT,50,3933694.809999999,1311411.4600000002,26228.23,223,0.1,97.5
MAJOR CRANIAL OR FACIAL BONE PROCEDURES,"EAR, NOSE, MOUTH, THROAT AND CRANIOFACIAL DISEASES AND DISORDERS",30,2836714.58,1277855.6,42595.19,224,0.1,97.5
OTHER MAJOR HEAD AND NECK PROCEDURES,"EAR, NOSE, MOUTH, THROAT AND CRANIOFACIAL DISEASES AND DISORDERS",33,2936101.63,1261641.65,38231.57,225,0.1,97.6
ACUTE BRONCHITIS AND RELATED SYMPTOMS,DISEASES AND DISORDERS OF THE RESPIRATORY SYSTEM,133,4009094.0100000002,1255410.84,9439.18,226,0.1,97.7
CARDIAC PACEMAKER AND DEFIBRILLATOR REVISION EXCEPT DEVICE REPLACEMENT,DISEASES AND DISORDERS OF THE CIRCULATORY SYSTEM,32,3333992.42,1199463.8900000001,37483.25,227,0.1,97.7
UTERINE AND ADNEXA PROCEDURES FOR LEIOMYOMA,DISEASES AND DISORDERS OF THE FEMALE REPRODUCTIVE SYSTEM,102,3448032.98,1137865.8599999999,11155.55,228,0.1,97.8
OTHER MENTAL HEALTH DISORDERS,MENTAL DISEASES AND DISORDERS,106,2974941.620000001,1132814.6600000001,10686.93,229,0.0,97.8
"EAR, NOSE, MOUTH, THROAT AND CRANIAL OR FACIAL MALIGNANCIES","EAR, NOSE, MOUTH, THROAT AND CRANIOFACIAL DISEASES AND DISORDERS",54,2927515.79,1124952.3800000001,20832.45,230,0.0,97.9
CRANIOTOMY FOR MULTIPLE SIGNIFICANT TRAUMA,MULTIPLE SIGNIFICANT TRAUMA,21,3682031.0,1124043.8900000001,53525.9,231,0.0,97.9
ABDOMINAL PAIN,DISEASES AND DISORDERS OF THE DIGESTIVE SYSTEM,157,3690710.25,1121465.8299999996,7143.09,232,0.0,98.0
"OTHER STOMACH, ESOPHAGEAL AND DUODENAL PROCEDURES",DISEASES AND DISORDERS OF THE DIGESTIVE SYSTEM,60,2618180.2500000005,1037973.7299999999,17299.56,233,0.0,98.0
HEMORRHAGE OR HEMATOMA DUE TO COMPLICATION,"POISONINGS, TOXIC EFFECTS OTHER INJURIES AND OTHER COMPLICATIONS OF TREATMENT",94,3218523.3899999997,1034684.2000000001,11007.28,234,0.0,98.1
KIDNEY AND URINARY TRACT MALIGNANCY,DISEASES AND DISORDERS OF THE KIDNEY AND URINARY TRACT,60,3066588.749999999,1016225.0900000001,16937.08,235,0.0,98.1
RENAL DIALYSIS ACCESS DEVICE PROCEDURES,DISEASES AND DISORDERS OF THE KIDNEY AND URINARY TRACT,37,3133238.8099999996,1015532.95,27446.84,236,0.0,98.1
DISORDERS OF PERSONALITY AND IMPULSE CONTROL,MENTAL DISEASES AND DISORDERS,127,2834946.960000001,1008624.5899999999,7941.93,237,0.0,98.2
NONSPECIFIC CVA AND PRECEREBRAL OCCLUSION WITHOUT INFARCTION,DISEASES AND DISORDERS OF THE NERVOUS SYSTEM,89,4003160.750000001,1006678.04,11310.99,238,0.0,98.2
OTHER ENDOCRINE DISORDERS,ENDOCRINE NUTRITIONAL AND METABOLIC DISEASES AND DISORDERS,97,3167110.4299999997,1005715.21,10368.2,239,0.0,98.3
NEONATE BIRTH WEIGHT 1500-1999 GRAMS WITH MAJOR ANOMALY,NEWBORNS AND OTHER NEONATES WITH CONDTN ORIG IN PERINATAL PERIOD,17,3853006.5199999996,985489.3200000001,57969.96,240,0.0,98.3
ANAL AND PERINEAL PROCEDURES,DISEASES AND DISORDERS OF THE DIGESTIVE SYSTEM,81,2906997.9100000006,972302.2499999997,12003.73,241,0.0,98.4
NEONATE BIRTH WEIGHT 500-749 GRAMS WITHOUT MAJOR PROCEDURE,NEWBORNS AND OTHER NEONATES WITH CONDTN ORIG IN PERINATAL PERIOD,10,4777531.8,964035.2099999998,96403.52,242,0.0,98.4
UTERINE AND ADNEXA PROCEDURES FOR OVARIAN AND ADNEXAL MALIGNANCY,DISEASES AND DISORDERS OF THE FEMALE REPRODUCTIVE SYSTEM,49,2890977.5800000005,945897.6900000001,19304.03,243,0.0,98.4
MALE REPRODUCTIVE SYSTEM DIAGNOSES EXCEPT MALIGNANCY,DISEASES AND DISORDERS OF THE MALE REPRODUCTIVE SYSTEM,112,3029458.03,939962.0799999997,8392.52,244,0.0,98.5
VIRAL ILLNESS,"INFECTIOUS AND PARASITIC DISEASES, SYSTEMIC OR UNSPECIFIED SITES",120,3299277.030000001,938763.1199999999,7823.03,245,0.0,98.5
"SKIN GRAFT, EXCEPT HAND, FOR MUSCULOSKELETAL AND CONNECTIVE TISSUE DIAGNOSES",DISEASES AND DISORDERS OF THE MUSCULOSKELETAL SYSTEM AND CONN TISSUE,34,2246297.13,934156.1699999999,27475.18,246,0.0,98.6
VERTIGO AND OTHER LABYRINTH DISORDERS,"EAR, NOSE, MOUTH, THROAT AND CRANIOFACIAL DISEASES AND DISORDERS",123,3245432.19,882471.0100000001,7174.56,247,0.0,98.6
OTHER DRUG ABUSE AND DEPENDENCE,ALCOHOL/DRUG USE AND ALCOHOL/DRUG INDUCED ORGANIC MENTAL DISORDERS,130,2390856.4899999993,869931.2,6691.78,248,0.0,98.6
"INSERTION, REVISION AND REPLACEMENTS OF PACEMAKER AND OTHER CARDIAC DEVICES",DISEASES AND DISORDERS OF THE CIRCULATORY SYSTEM,32,2696407.3,868484.26,27140.13,249,0.0,98.7
ACUTE AND SUBACUTE ENDOCARDITIS,DISEASES AND DISORDERS OF THE CIRCULATORY SYSTEM,40,2047908.3099999996,861668.3499999999,21541.71,250,0.0,98.7
FACIAL BONE PROCEDURES EXCEPT MAJOR CRANIAL OR FACIAL BONE PROCEDURES,"EAR, NOSE, MOUTH, THROAT AND CRANIOFACIAL DISEASES AND DISORDERS",39,2537149.5699999994,858366.6800000002,22009.4,251,0.0,98.8
ANOXIC AND OTHER SEVERE BRAIN DAMAGE,DISEASES AND DISORDERS OF THE NERVOUS SYSTEM,24,2733559.4899999998,802157.6799999999,33423.24,252,0.0,98.8
"NEONATE BIRTH WEIGHT < 500 GRAMS, OR BIRTH WEIGHT 500-999 GRAMS AND GESTATIONAL AGE <24 WEEKS, OR BIRTH WEIGHT 500-749 GRAMS WITH MAJOR ANOMALY OR WITHOUT LIFE SUSTAINING INTERVENTION",NEWBORNS AND OTHER NEONATES WITH CONDTN ORIG IN PERINATAL PERIOD,14,3958697.09,788576.49,56326.89,253,0.0,98.8
MAJOR BILIARY TRACT PROCEDURES,DISEASES AND DISORDERS OF THE HEPATOBILIARY SYSTEM AND PANCREAS,19,2126315.31,774492.14,40762.74,254,0.0,98.9
ORGANIC MENTAL HEALTH DISTURBANCES,MENTAL DISEASES AND DISORDERS,52,2136309.2899999996,773618.0200000003,14877.27,255,0.0,98.9
FEMALE REPRODUCTIVE SYSTEM INFECTIONS,DISEASES AND DISORDERS OF THE FEMALE REPRODUCTIVE SYSTEM,79,2179683.83,765583.0900000001,9690.93,256,0.0,98.9
FEMALE REPRODUCTIVE SYSTEM MALIGNANCY,DISEASES AND DISORDERS OF THE FEMALE REPRODUCTIVE SYSTEM,63,2538867.0799999996,763511.2499999998,12119.23,257,0.0,99.0
NEONATE BIRTH WEIGHT > 2499 GRAMS WITH OTHER MAJOR PROCEDURE,NEWBORNS AND OTHER NEONATES WITH CONDTN ORIG IN PERINATAL PERIOD,14,3340301.9299999997,706985.4400000001,50498.96,258,0.0,99.0
NEPHRITIS AND NEPHROSIS,DISEASES AND DISORDERS OF THE KIDNEY AND URINARY TRACT,32,2257329.23,706969.0,22092.78,259,0.0,99.0
OTHER MALE REPRODUCTIVE SYSTEM AND RELATED PROCEDURES,DISEASES AND DISORDERS OF THE MALE REPRODUCTIVE SYSTEM,43,2122539.82,693031.3300000003,16117.01,260,0.0,99.1
VAGINAL DELIVERY WITH STERILIZATION AND/OR D&C,"PREGNANCY, CHILDBIRTH AND THE PUERPERIUM",63,1702189.6900000002,679109.71,10779.52,261,0.0,99.1
ORBIT AND EYE PROCEDURES,DISEASES AND DISORDERS OF THE EYE,55,1988440.44,669061.06,12164.75,262,0.0,99.1
"NEONATE, TRANSFERRED < 5 DAYS OLD, BORN HERE",NEWBORNS AND OTHER NEONATES WITH CONDTN ORIG IN PERINATAL PERIOD,201,1701087.6999999995,666538.9800000001,3316.11,263,0.0,99.1
OTHER BLADDER PROCEDURES,DISEASES AND DISORDERS OF THE KIDNEY AND URINARY TRACT,42,2130536.51,653392.7,15556.97,264,0.0,99.2
BREAST PROCEDURES EXCEPT MASTECTOMY,DISEASES AND DISORDERS OF THE SKIN SUBCUTANEOUS TISSUE AND BREAST,22,1474387.1599999997,643388.8099999999,29244.95,265,0.0,99.2
ALLERGIC REACTIONS,"POISONINGS, TOXIC EFFECTS OTHER INJURIES AND OTHER COMPLICATIONS OF TREATMENT",68,1810330.48,615068.15,9045.12,266,0.0,99.2
FEVER AND INFLAMMATORY CONDITIONS,"INFECTIOUS AND PARASITIC DISEASES, SYSTEMIC OR UNSPECIFIED SITES",85,2146536.8700000006,612756.0900000001,7208.9,267,0.0,99.3
MALIGNANT BREAST DISORDERS,DISEASES AND DISORDERS OF THE SKIN SUBCUTANEOUS TISSUE AND BREAST,39,1829840.2600000002,608006.7699999999,15589.92,268,0.0,99.3
NEONATE BIRTH WEIGHT 1250-1499 GRAMS WITH OR WITHOUT SIGNIFICANT CONDITION,NEWBORNS AND OTHER NEONATES WITH CONDTN ORIG IN PERINATAL PERIOD,12,2137700.93,599043.39,49920.28,269,0.0,99.3
OTHER FEMALE REPRODUCTIVE SYSTEM AND RELATED PROCEDURES,DISEASES AND DISORDERS OF THE FEMALE REPRODUCTIVE SYSTEM,46,1842460.07,597776.0800000001,12995.13,270,0.0,99.3
NON-EXTENSIVE O.R. PROCEDURES FOR OTHER COMPLICATIONS OF TREATMENT,"POISONINGS, TOXIC EFFECTS OTHER INJURIES AND OTHER COMPLICATIONS OF TREATMENT",45,1757369.2999999998,596353.2,13252.29,271,0.0,99.4
NEONATE BIRTH WEIGHT 1500-2499 GRAMS WITH MAJOR PROCEDURE,NEWBORNS AND OTHER NEONATES WITH CONDTN ORIG IN PERINATAL PERIOD,6,2726543.59,580711.8,96785.3,272,0.0,99.4
OTHER OPEN CRANIOTOMY,DISEASES AND DISORDERS OF THE NERVOUS SYSTEM,30,1591910.4700000004,575291.13,19176.37,273,0.0,99.4
"THYROID, PARATHYROID AND THYROGLOSSAL PROCEDURES",ENDOCRINE NUTRITIONAL AND METABOLIC DISEASES AND DISORDERS,30,1465327.8400000005,540958.0099999999,18031.93,274,0.0,99.4
HIV WITH MAJOR HIV RELATED CONDITION,HUMAN IMMUNODEFICIENCY VIRUS INFECTIONS,38,1931863.9100000001,534716.8200000001,14071.5,275,0.0,99.5
"CONCUSSION, CLOSED SKULL FRACTURE NOS, AND UNCOMPLICATED INTRACRANIAL INJURY, COMA < 1 HOUR OR NO COMA",DISEASES AND DISORDERS OF THE NERVOUS SYSTEM,65,2019970.9800000004,530167.3500000001,8156.42,276,0.0,99.5
"OTHER PROCEDURES FOR ENDOCRINE, NUTRITIONAL AND METABOLIC DISORDERS",ENDOCRINE NUTRITIONAL AND METABOLIC DISEASES AND DISORDERS,19,1229637.8200000003,470514.94,24763.94,277,0.0,99.5
CHEST PAIN,DISEASES AND DISORDERS OF THE CIRCULATORY SYSTEM,72,1678405.0099999998,462844.5,6428.4,278,0.0,99.5
NEONATE BIRTH WEIGHT > 2499 GRAMS WITH MAJOR CARDIOVASCULAR PROCEDURE,NEWBORNS AND OTHER NEONATES WITH CONDTN ORIG IN PERINATAL PERIOD,3,1529287.5099999998,446771.23,148923.74,279,0.0,99.5
THYROID DISORDERS,ENDOCRINE NUTRITIONAL AND METABOLIC DISEASES AND DISORDERS,53,1621429.3400000003,446606.25,8426.53,280,0.0,99.6
"MALIGNANCY, MALE REPRODUCTIVE SYSTEM",DISEASES AND DISORDERS OF THE MALE REPRODUCTIVE SYSTEM,24,1348253.5000000002,441386.88000000006,18391.12,281,0.0,99.6
POSTPARTUM AND POST ABORTION DIAGNOSIS WITH O.R. PROCEDURE,"PREGNANCY, CHILDBIRTH AND THE PUERPERIUM",43,1348131.85,428426.18999999994,9963.4,282,0.0,99.6
"PENIS, TESTES AND SCROTAL PROCEDURES",DISEASES AND DISORDERS OF THE MALE REPRODUCTIVE SYSTEM,25,1118499.5,426829.75000000006,17073.19,283,0.0,99.6
SPLENIC PROCEDURES,DISEASES AND DISORDERS OF BLOOD BLOOD FORMING ORGANS AND IMMUNOLOG DISORD,15,1356351.9100000001,425047.76,28336.52,284,0.0,99.6
BPD AND OTHER CHRONIC RESPIRATORY DISEASES ARISING IN PERINATAL PERIOD,DISEASES AND DISORDERS OF THE RESPIRATORY SYSTEM,32,1419955.34,419799.8299999999,13118.74,285,0.0,99.7
TRANSURETHRAL PROSTATECTOMY,DISEASES AND DISORDERS OF THE MALE REPRODUCTIVE SYSTEM,44,1441027.4300000002,418025.13999999996,9500.57,286,0.0,99.7
"OTHER INJURY, POISONING AND TOXIC EFFECT DIAGNOSES","POISONINGS, TOXIC EFFECTS OTHER INJURIES AND OTHER COMPLICATIONS OF TREATMENT",46,1556285.9500000002,415242.21,9027.0,287,0.0,99.7
UTERINE AND ADNEXA PROCEDURES FOR NON-OVARIAN AND NON-ADNEXAL MALIGNANCY,DISEASES AND DISORDERS OF THE FEMALE REPRODUCTIVE SYSTEM,34,1394684.6800000002,412392.16000000003,12129.18,288,0.0,99.7
MENSTRUAL AND OTHER FEMALE REPRODUCTIVE SYSTEM DISORDERS,DISEASES AND DISORDERS OF THE FEMALE REPRODUCTIVE SYSTEM,55,1405819.5899999994,409378.66,7443.25,289,0.0,99.7
INBORN ERRORS OF METABOLISM,ENDOCRINE NUTRITIONAL AND METABOLIC DISEASES AND DISORDERS,35,1314257.99,392852.19,11224.35,290,0.0,99.8
EATING DISORDERS,MENTAL DISEASES AND DISORDERS,33,1096300.07,372066.80000000005,11274.75,291,0.0,99.8
DILATION AND CURETTAGE FOR NON-OBSTETRIC DIAGNOSES,DISEASES AND DISORDERS OF THE FEMALE REPRODUCTIVE SYSTEM,20,958089.1600000001,368007.02999999997,18400.35,292,0.0,99.8
OTHER PROCEDURES OF BLOOD AND BLOOD-FORMING ORGANS,DISEASES AND DISORDERS OF BLOOD BLOOD FORMING ORGANS AND IMMUNOLOG DISORD,26,1218732.61,362868.81999999995,13956.49,293,0.0,99.8
ANTEPARTUM WITH O.R. PROCEDURE,"PREGNANCY, CHILDBIRTH AND THE PUERPERIUM",34,967370.52,355267.29000000004,10449.04,294,0.0,99.8
"PERMANENT CARDIAC PACEMAKER IMPLANT WITH AMI, HEART FAILURE OR SHOCK",DISEASES AND DISORDERS OF THE CIRCULATORY SYSTEM,10,1069826.71,327001.14999999997,32700.12,295,0.0,99.8
NEONATE BIRTH WEIGHT 2000-2499 GRAMS WITH MAJOR ANOMALY,NEWBORNS AND OTHER NEONATES WITH CONDTN ORIG IN PERINATAL PERIOD,24,1289903.6700000002,323871.45,13494.64,296,0.0,99.8
CYSTIC FIBROSIS - PULMONARY DISEASE,DISEASES AND DISORDERS OF THE RESPIRATORY SYSTEM,24,1081268.16,312117.92999999993,13004.91,297,0.0,99.9
MENTAL ILLNESS DIAGNOSIS WITH O.R. PROCEDURE,MENTAL DISEASES AND DISORDERS,9,873998.67,310792.21,34532.47,298,0.0,99.9
ADRENAL PROCEDURES,ENDOCRINE NUTRITIONAL AND METABOLIC DISEASES AND DISORDERS,26,1028270.65,299860.94999999995,11533.11,299,0.0,99.9
CARDIOMYOPATHY,DISEASES AND DISORDERS OF THE CIRCULATORY SYSTEM,27,914816.3300000001,279722.99,10360.11,300,0.0,99.9
MAJOR SKIN DISORDERS,DISEASES AND DISORDERS OF THE SKIN SUBCUTANEOUS TISSUE AND BREAST,33,884776.27,277014.3,8394.37,301,0.0,99.9
DENTAL DISEASES AND DISORDERS,"EAR, NOSE, MOUTH, THROAT AND CRANIOFACIAL DISEASES AND DISORDERS",43,781873.8300000001,267647.63,6224.36,302,0.0,99.9
NEONATE BIRTH WEIGHT > 2499 GRAMS WITH CONGENITAL OR PERINATAL INFECTION,NEWBORNS AND OTHER NEONATES WITH CONDTN ORIG IN PERINATAL PERIOD,22,678642.1399999999,224066.80000000005,10184.85,303,0.0,99.9
FEMALE REPRODUCTIVE SYSTEM RECONSTRUCTIVE PROCEDURES,DISEASES AND DISORDERS OF THE FEMALE REPRODUCTIVE SYSTEM,20,673551.5700000001,220113.36,11005.67,304,0.0,99.9
TONSIL AND ADENOID PROCEDURES,"EAR, NOSE, MOUTH, THROAT AND CRANIOFACIAL DISEASES AND DISORDERS",23,565837.27,196659.04999999996,8550.39,305,0.0,100.0
HIV WITH ONE SIGNIFICANT HIV CONDITION OR WITHOUT SIGNIFICANT RELATED CONDITIONS,HUMAN IMMUNODEFICIENCY VIRUS INFECTIONS,16,549312.6399999999,140399.13000000003,8774.95,306,0.0,100.0
GASTRIC FUNDOPLICATION,DISEASES AND DISORDERS OF THE DIGESTIVE SYSTEM,5,365977.48,125724.9,25144.98,307,0.0,100.0
NEONATE BIRTH WEIGHT 1000-1249 GRAMS WITH OR WITHOUT SIGNIFICANT CONDITION,NEWBORNS AND OTHER NEONATES WITH CONDTN ORIG IN PERINATAL PERIOD,3,569008.58,117684.24,39228.08,308,0.0,100.0
VIRAL MENINGITIS,DISEASES AND DISORDERS OF THE NERVOUS SYSTEM,15,374339.67,101234.18000000001,6748.95,309,0.0,100.0
NEONATAL AFTERCARE,REHABILITATION AFTERCARE OTHER FACTORS INFLUENCING HEALTH STATUS AND OTHER HEALTH SERVICE CONTACTS,3,212589.24,95994.44,31998.15,310,0.0,100.0
UNGROUPABLE,PRE MDC,17,205139.18,76810.14,4518.24,311,0.0,100.0
MAJOR MALE PELVIC PROCEDURES,DISEASES AND DISORDERS OF THE MALE REPRODUCTIVE SYSTEM,5,230580.96000000002,74820.88,14964.18,312,0.0,100.0
CLEFT LIP AND PALATE REPAIR,"EAR, NOSE, MOUTH, THROAT AND CRANIOFACIAL DISEASES AND DISORDERS",6,144689.69000000003,55415.229999999996,9235.87,313,0.0,100.0
GENDER RELATED PROCEDURES,REHABILITATION AFTERCARE OTHER FACTORS INFLUENCING HEALTH STATUS AND OTHER HEALTH SERVICE CONTACTS,4,118885.82,50943.25,12735.81,314,0.0,100.0
"PELVIC EVISCERATION, RADICAL HYSTERECTOMY AND OTHER RADICAL GYNECOLOGICAL PROCEDURES",DISEASES AND DISORDERS OF THE FEMALE REPRODUCTIVE SYSTEM,4,145397.9,50021.450000000004,12505.36,315,0.0,100.0
PRINCIPAL DIAGNOSIS INVALID AS DISCHARGE DIAGNOSIS,"PREGNANCY, CHILDBIRTH AND THE PUERPERIUM",7,68604.74,38512.490000000005,5501.78,316,0.0,100.0
HIV WITH MULTIPLE SIGNIFICANT HIV RELATED CONDITIONS,HUMAN IMMUNODEFICIENCY VIRUS INFECTIONS,5,180478.43,35566.66,7113.33,317,0.0,100.0
"BRAIN CONTUSION OR LACERATION AND COMPLICATED SKULL FRACTURE, COMA < 1 HOUR OR NO COMA",DISEASES AND DISORDERS OF THE NERVOUS SYSTEM,7,165507.69999999998,33391.44,4770.21,318,0.0,100.0
PARTIAL THICKNESS BURNS WITHOUT SKIN GRAFT,BURNS,5,75789.44,25186.88,5037.38,319,0.0,100.0
AUTOLOGOUS BONE MARROW TRANSPLANT,DISEASES AND DISORDERS OF THE KIDNEY AND URINARY TRACT,1,70356.88,22589.71,22589.71,320,0.0,100.0
RADIOTHERAPY,"LYMPHATIC, HEMATOPOIETIC, OTHER MALIGNANCIES, CHEMOTHERAPY AND RADIOTHERAPY",1,66843.24,14824.27,14824.27,321,0.0,100.0
NEONATE BIRTH WEIGHT 2000-2499 GRAMS WITH CONGENITAL OR PERINATAL INFECTION,NEWBORNS AND OTHER NEONATES WITH CONDTN ORIG IN PERINATAL PERIOD,1,74216.64,14787.11,14787.11,322,0.0,100.0
EXTENSIVE THIRD DEGREE BURNS WITHOUT SKIN GRAFT,BURNS,3,26148.26,9399.560000000001,3133.19,323,0.0,100.0
"NEONATE, TRANSFERRED < 5 DAYS OLD, NOT BORN HERE",NEWBORNS AND OTHER NEONATES WITH CONDTN ORIG IN PERINATAL PERIOD,2,8474.25,6250.34,3125.17,324,0.0,100.0
